Date,ETH_USD,DOGE_USD
2019-08-28 00:00:00+00:00,173.8899688720703,0.0025239998940378428
2019-08-29 00:00:00+00:00,169.51673889160156,0.0024500000290572643
2019-08-30 00:00:00+00:00,168.83486938476562,0.0024820000398904085
2019-08-31 00:00:00+00:00,172.46978759765625,0.0025110000278800726
2019-09-01 00:00:00+00:00,171.62942504882812,0.002492000116035342
2019-09-02 00:00:00+00:00,178.34735107421875,0.002595999976620078
2019-09-03 00:00:00+00:00,179.49932861328125,0.0025949999690055847
2019-09-04 00:00:00+00:00,175.99288940429688,0.002689999993890524
2019-09-05 00:00:00+00:00,174.21713256835938,0.0025309999473392963
2019-09-06 00:00:00+00:00,169.9561767578125,0.002509000012651086
2019-09-07 00:00:00+00:00,178.2626190185547,0.002515000058338046
2019-09-08 00:00:00+00:00,181.35552978515625,0.002500999951735139
2019-09-09 00:00:00+00:00,181.1494598388672,0.0024610001128166914
2019-09-10 00:00:00+00:00,179.78717041015625,0.0024369999300688505
2019-09-11 00:00:00+00:00,178.72549438476562,0.0023990001063793898
2019-09-12 00:00:00+00:00,181.01609802246094,0.0024250000715255737
2019-09-13 00:00:00+00:00,181.10972595214844,0.002426000079140067
2019-09-14 00:00:00+00:00,188.1055145263672,0.002440999960526824
2019-09-15 00:00:00+00:00,189.78912353515625,0.002460000105202198
2019-09-16 00:00:00+00:00,197.11317443847656,0.002455000067129731
2019-09-17 00:00:00+00:00,208.60874938964844,0.0026080000679939985
2019-09-18 00:00:00+00:00,211.39303588867188,0.002718999981880188
2019-09-19 00:00:00+00:00,221.28085327148438,0.0027089999057352543
2019-09-20 00:00:00+00:00,218.050048828125,0.002672000089660287
2019-09-21 00:00:00+00:00,215.51620483398438,0.0025859999004751444
2019-09-22 00:00:00+00:00,211.54537963867188,0.0025919999461621046
2019-09-23 00:00:00+00:00,201.9213104248047,0.002486000070348382
2019-09-24 00:00:00+00:00,168.11073303222656,0.0022279999684542418
2019-09-25 00:00:00+00:00,170.8927001953125,0.002196999965235591
2019-09-26 00:00:00+00:00,166.7271270751953,0.0021550001110881567
2019-09-27 00:00:00+00:00,174.71099853515625,0.002220999915152788
2019-09-28 00:00:00+00:00,174.57289123535156,0.002234000014141202
2019-09-29 00:00:00+00:00,170.50347900390625,0.002222999930381775
2019-09-30 00:00:00+00:00,179.87220764160156,0.0023870000150054693
2019-10-01 00:00:00+00:00,177.34042358398438,0.0023880000226199627
2019-10-02 00:00:00+00:00,180.71051025390625,0.0023509999737143517
2019-10-03 00:00:00+00:00,175.1993408203125,0.0023250000085681677
2019-10-04 00:00:00+00:00,176.98500061035156,0.002360000042244792
2019-10-05 00:00:00+00:00,176.3515167236328,0.0023219999857246876
2019-10-06 00:00:00+00:00,173.05914306640625,0.002345999935641885
2019-10-07 00:00:00+00:00,181.18634033203125,0.0023900000378489494
2019-10-08 00:00:00+00:00,182.0215606689453,0.002345999935641885
2019-10-09 00:00:00+00:00,193.2932586669922,0.0023880000226199627
2019-10-10 00:00:00+00:00,191.65966796875,0.0023320000618696213
2019-10-11 00:00:00+00:00,182.56968688964844,0.0023449999280273914
2019-10-12 00:00:00+00:00,180.82664489746094,0.0023399998899549246
2019-10-13 00:00:00+00:00,182.0751495361328,0.0024470000062137842
2019-10-14 00:00:00+00:00,186.96090698242188,0.0025450000539422035
2019-10-15 00:00:00+00:00,181.40606689453125,0.0025100000202655792
2019-10-16 00:00:00+00:00,176.0135040283203,0.002607000060379505
2019-10-17 00:00:00+00:00,178.02835083007812,0.0027550000231713057
2019-10-18 00:00:00+00:00,173.621337890625,0.002706000115722418
2019-10-19 00:00:00+00:00,172.91302490234375,0.002742999931797385
2019-10-20 00:00:00+00:00,175.5343780517578,0.002730000065639615
2019-10-21 00:00:00+00:00,174.92098999023438,0.002773999935016036
2019-10-22 00:00:00+00:00,172.3008575439453,0.0025649999734014273
2019-10-23 00:00:00+00:00,162.4027862548828,0.0024949999060481787
2019-10-24 00:00:00+00:00,162.16854858398438,0.00253800000064075
2019-10-25 00:00:00+00:00,181.52320861816406,0.0026839999482035637
2019-10-26 00:00:00+00:00,179.83547973632812,0.002621999941766262
2019-10-27 00:00:00+00:00,184.24221801757812,0.0026539999525994062
2019-10-28 00:00:00+00:00,182.66281127929688,0.0026459998916834593
2019-10-29 00:00:00+00:00,190.3425750732422,0.0026549999602138996
2019-10-30 00:00:00+00:00,184.69216918945312,0.002615999896079302
2019-10-31 00:00:00+00:00,183.9669189453125,0.0026149998884648085
2019-11-01 00:00:00+00:00,183.9698944091797,0.002630000002682209
2019-11-02 00:00:00+00:00,183.92572021484375,0.002626999979838729
2019-11-03 00:00:00+00:00,182.42501831054688,0.0026370000559836626
2019-11-04 00:00:00+00:00,186.35519409179688,0.0026140001136809587
2019-11-05 00:00:00+00:00,189.30416870117188,0.002623999956995249
2019-11-06 00:00:00+00:00,191.59384155273438,0.0026279999874532223
2019-11-07 00:00:00+00:00,187.97654724121094,0.002725000027567148
2019-11-08 00:00:00+00:00,184.2114715576172,0.002652999944984913
2019-11-09 00:00:00+00:00,185.02871704101562,0.0027129999361932278
2019-11-10 00:00:00+00:00,189.47727966308594,0.0027749999426305294
2019-11-11 00:00:00+00:00,185.48963928222656,0.0027149999514222145
2019-11-12 00:00:00+00:00,186.84341430664062,0.002725000027567148
2019-11-13 00:00:00+00:00,188.2587432861328,0.002698000054806471
2019-11-14 00:00:00+00:00,185.9996337890625,0.00267999991774559
2019-11-15 00:00:00+00:00,180.52117919921875,0.0026569999754428864
2019-11-16 00:00:00+00:00,183.34835815429688,0.002669000066816807
2019-11-17 00:00:00+00:00,185.11923217773438,0.002647999906912446
2019-11-18 00:00:00+00:00,180.55960083007812,0.0025760000571608543
2019-11-19 00:00:00+00:00,177.45555114746094,0.0025480000767856836
2019-11-20 00:00:00+00:00,175.69834899902344,0.002555999904870987
2019-11-21 00:00:00+00:00,161.4627227783203,0.002426000079140067
2019-11-22 00:00:00+00:00,150.26817321777344,0.0023620000574737787
2019-11-23 00:00:00+00:00,153.41778564453125,0.0025049999821931124
2019-11-24 00:00:00+00:00,142.83470153808594,0.002365000080317259
2019-11-25 00:00:00+00:00,146.47653198242188,0.00228599994443357
2019-11-26 00:00:00+00:00,148.96507263183594,0.0022909999825060368
2019-11-27 00:00:00+00:00,153.01055908203125,0.002339000115171075
2019-11-28 00:00:00+00:00,151.7175750732422,0.0023129999171942472
2019-11-29 00:00:00+00:00,155.3041534423828,0.0024560000747442245
2019-11-30 00:00:00+00:00,152.53968811035156,0.002319999970495701
2019-12-01 00:00:00+00:00,151.18572998046875,0.00229199999012053
2019-12-02 00:00:00+00:00,149.0591583251953,0.0022350000217556953
2019-12-03 00:00:00+00:00,147.9564208984375,0.0022169998846948147
2019-12-04 00:00:00+00:00,146.74774169921875,0.002208000048995018
2019-12-05 00:00:00+00:00,149.24899291992188,0.002222999930381775
2019-12-06 00:00:00+00:00,149.19444274902344,0.002225999953225255
2019-12-07 00:00:00+00:00,148.76815795898438,0.0022299999836832285
2019-12-08 00:00:00+00:00,151.2647247314453,0.0022380000445991755
2019-12-09 00:00:00+00:00,148.2251739501953,0.002208000048995018
2019-12-10 00:00:00+00:00,146.2670440673828,0.0022040000185370445
2019-12-11 00:00:00+00:00,143.60800170898438,0.002185000106692314
2019-12-12 00:00:00+00:00,145.60400390625,0.0021879998967051506
2019-12-13 00:00:00+00:00,144.9447479248047,0.0021750000305473804
2019-12-14 00:00:00+00:00,142.86923217773438,0.0021699999924749136
2019-12-15 00:00:00+00:00,143.114990234375,0.0021540001034736633
2019-12-16 00:00:00+00:00,133.61402893066406,0.0021210000850260258
2019-12-17 00:00:00+00:00,122.60388946533203,0.0020179999992251396
2019-12-18 00:00:00+00:00,133.09219360351562,0.0021830000914633274
2019-12-19 00:00:00+00:00,129.32113647460938,0.0021230001002550125
2019-12-20 00:00:00+00:00,129.06605529785156,0.0020749999675899744
2019-12-21 00:00:00+00:00,128.13095092773438,0.0020840000361204147
2019-12-22 00:00:00+00:00,132.3725128173828,0.0021150000393390656
2019-12-23 00:00:00+00:00,128.6140899658203,0.0020729999523609877
2019-12-24 00:00:00+00:00,129.0638885498047,0.0020729999523609877
2019-12-25 00:00:00+00:00,126.45463562011719,0.002088000066578388
2019-12-26 00:00:00+00:00,126.36122131347656,0.0020580000709742308
2019-12-27 00:00:00+00:00,127.21460723876953,0.002053000032901764
2019-12-28 00:00:00+00:00,128.3227081298828,0.0020639998838305473
2019-12-29 00:00:00+00:00,134.7579803466797,0.002067999914288521
2019-12-30 00:00:00+00:00,132.63348388671875,0.0020540000405162573
2019-12-31 00:00:00+00:00,129.61085510253906,0.0020280000753700733
2020-01-01 00:00:00+00:00,130.802001953125,0.00203300011344254
2020-01-02 00:00:00+00:00,127.4101791381836,0.0020089999306946993
2020-01-03 00:00:00+00:00,134.1717071533203,0.002145000034943223
2020-01-04 00:00:00+00:00,135.06936645507812,0.0022410000674426556
2020-01-05 00:00:00+00:00,136.2767791748047,0.0024190000258386135
2020-01-06 00:00:00+00:00,144.3041534423828,0.0024629998952150345
2020-01-07 00:00:00+00:00,143.5439910888672,0.002432999899610877
2020-01-08 00:00:00+00:00,141.2581329345703,0.0022929999977350235
2020-01-09 00:00:00+00:00,138.9792022705078,0.0022559999488294125
2020-01-10 00:00:00+00:00,143.96377563476562,0.0023560000117868185
2020-01-11 00:00:00+00:00,142.92710876464844,0.0023139999248087406
2020-01-12 00:00:00+00:00,145.87393188476562,0.002380999969318509
2020-01-13 00:00:00+00:00,144.22659301757812,0.0023580000270158052
2020-01-14 00:00:00+00:00,165.95535278320312,0.002469999948516488
2020-01-15 00:00:00+00:00,166.23068237304688,0.0023690001107752323
2020-01-16 00:00:00+00:00,164.39100646972656,0.0023449999280273914
2020-01-17 00:00:00+00:00,170.7799530029297,0.0024900001008063555
2020-01-18 00:00:00+00:00,175.3656768798828,0.002506999997422099
2020-01-19 00:00:00+00:00,166.9698486328125,0.0024049999192357063
2020-01-20 00:00:00+00:00,167.12051391601562,0.0023739999160170555
2020-01-21 00:00:00+00:00,169.69715881347656,0.0023759999312460423
2020-01-22 00:00:00+00:00,168.29415893554688,0.002322999993339181
2020-01-23 00:00:00+00:00,162.92855834960938,0.002268000040203333
2020-01-24 00:00:00+00:00,163.05117797851562,0.00227600010111928
2020-01-25 00:00:00+00:00,161.283935546875,0.002256999956443906
2020-01-26 00:00:00+00:00,168.0771026611328,0.002305000089108944
2020-01-27 00:00:00+00:00,170.93089294433594,0.002368000103160739
2020-01-28 00:00:00+00:00,176.3703155517578,0.0024500000290572643
2020-01-29 00:00:00+00:00,175.0503387451172,0.0023900000378489494
2020-01-30 00:00:00+00:00,184.6904754638672,0.0024399999529123306
2020-01-31 00:00:00+00:00,180.16017150878906,0.002394000068306923
2020-02-01 00:00:00+00:00,183.6739501953125,0.0024220000486820936
2020-02-02 00:00:00+00:00,188.61753845214844,0.0024679999332875013
2020-02-03 00:00:00+00:00,189.8650665283203,0.0024399999529123306
2020-02-04 00:00:00+00:00,189.25059509277344,0.0025029999669641256
2020-02-05 00:00:00+00:00,204.23023986816406,0.0025820001028478146
2020-02-06 00:00:00+00:00,212.33908081054688,0.002652999944984913
2020-02-07 00:00:00+00:00,222.72605895996094,0.002768999896943569
2020-02-08 00:00:00+00:00,223.14651489257812,0.0031590000726282597
2020-02-09 00:00:00+00:00,228.5785675048828,0.0032319999299943447
2020-02-10 00:00:00+00:00,223.522705078125,0.002985999919474125
2020-02-11 00:00:00+00:00,235.8511962890625,0.0030410001054406166
2020-02-12 00:00:00+00:00,265.4061279296875,0.0030930000357329845
2020-02-13 00:00:00+00:00,268.0992431640625,0.003025999991223216
2020-02-14 00:00:00+00:00,284.2174987792969,0.0031300000846385956
2020-02-15 00:00:00+00:00,264.72857666015625,0.0029200001154094934
2020-02-16 00:00:00+00:00,259.89471435546875,0.002773999935016036
2020-02-17 00:00:00+00:00,266.3634338378906,0.0027119999285787344
2020-02-18 00:00:00+00:00,281.944580078125,0.0028389999642968178
2020-02-19 00:00:00+00:00,259.76397705078125,0.002623999956995249
2020-02-20 00:00:00+00:00,257.949462890625,0.002658999990671873
2020-02-21 00:00:00+00:00,265.6006164550781,0.002647999906912446
2020-02-22 00:00:00+00:00,262.33172607421875,0.002601000014692545
2020-02-23 00:00:00+00:00,273.754150390625,0.00267999991774559
2020-02-24 00:00:00+00:00,265.2164306640625,0.002589999930933118
2020-02-25 00:00:00+00:00,247.81759643554688,0.0024759999942034483
2020-02-26 00:00:00+00:00,225.68026733398438,0.002339000115171075
2020-02-27 00:00:00+00:00,226.75338745117188,0.0023240000009536743
2020-02-28 00:00:00+00:00,226.760498046875,0.00228899996727705
2020-02-29 00:00:00+00:00,219.8485107421875,0.0022350000217556953
2020-03-01 00:00:00+00:00,218.97059631347656,0.0022750000935047865
2020-03-02 00:00:00+00:00,230.5697784423828,0.002348999958485365
2020-03-03 00:00:00+00:00,224.47962951660156,0.002498999936506152
2020-03-04 00:00:00+00:00,224.51797485351562,0.0023980000987648964
2020-03-05 00:00:00+00:00,229.2681884765625,0.0025059999898076057
2020-03-06 00:00:00+00:00,243.52529907226562,0.002495999913662672
2020-03-07 00:00:00+00:00,237.85308837890625,0.0024049999192357063
2020-03-08 00:00:00+00:00,200.68905639648438,0.0021869998890906572
2020-03-09 00:00:00+00:00,201.986328125,0.0022140000946819782
2020-03-10 00:00:00+00:00,200.76724243164062,0.0022070000413805246
2020-03-11 00:00:00+00:00,194.8685302734375,0.0021840000990778208
2020-03-12 00:00:00+00:00,112.34712219238281,0.0015369999455288053
2020-03-13 00:00:00+00:00,133.20181274414062,0.0017379999626427889
2020-03-14 00:00:00+00:00,123.30602264404297,0.0016659999964758754
2020-03-15 00:00:00+00:00,125.21430206298828,0.0016850000247359276
2020-03-16 00:00:00+00:00,110.60587310791016,0.0015869999770075083
2020-03-17 00:00:00+00:00,113.9427490234375,0.0015869999770075083
2020-03-18 00:00:00+00:00,114.84226989746094,0.0015660000499337912
2020-03-19 00:00:00+00:00,136.59385681152344,0.0017729999963194132
2020-03-20 00:00:00+00:00,132.73716735839844,0.0017729999963194132
2020-03-21 00:00:00+00:00,132.81871032714844,0.0017849999712780118
2020-03-22 00:00:00+00:00,123.32115173339844,0.0017310000257566571
2020-03-23 00:00:00+00:00,134.91160583496094,0.0018050000071525574
2020-03-24 00:00:00+00:00,138.76144409179688,0.001851000008173287
2020-03-25 00:00:00+00:00,136.19589233398438,0.0018339999951422215
2020-03-26 00:00:00+00:00,138.36155700683594,0.0018420000560581684
2020-03-27 00:00:00+00:00,133.9379425048828,0.0018070000223815441
2020-03-28 00:00:00+00:00,130.9864959716797,0.00177800003439188
2020-03-29 00:00:00+00:00,125.58373260498047,0.0017229999648407102
2020-03-30 00:00:00+00:00,132.904541015625,0.0018309999722987413
2020-03-31 00:00:00+00:00,133.59356689453125,0.0018110000528395176
2020-04-01 00:00:00+00:00,135.63455200195312,0.001867000013589859
2020-04-02 00:00:00+00:00,142.02914428710938,0.0018820000113919377
2020-04-03 00:00:00+00:00,142.09130859375,0.0018530000234022737
2020-04-04 00:00:00+00:00,145.21939086914062,0.001879999996162951
2020-04-05 00:00:00+00:00,143.54664611816406,0.0018649999983608723
2020-04-06 00:00:00+00:00,169.13587951660156,0.001979999942705035
2020-04-07 00:00:00+00:00,165.10194396972656,0.0019970000721514225
2020-04-08 00:00:00+00:00,172.64173889160156,0.0020119999535381794
2020-04-09 00:00:00+00:00,170.80714416503906,0.0020210000220686197
2020-04-10 00:00:00+00:00,158.41244506835938,0.0019680000841617584
2020-04-11 00:00:00+00:00,158.2160186767578,0.001990000018849969
2020-04-12 00:00:00+00:00,161.14242553710938,0.001990000018849969
2020-04-13 00:00:00+00:00,156.27955627441406,0.001959000015631318
2020-04-14 00:00:00+00:00,157.5963897705078,0.001964000053703785
2020-04-15 00:00:00+00:00,153.28689575195312,0.0019399999873712659
2020-04-16 00:00:00+00:00,172.15737915039062,0.0020280000753700733
2020-04-17 00:00:00+00:00,171.63858032226562,0.0020129999611526728
2020-04-18 00:00:00+00:00,186.91400146484375,0.002061000093817711
2020-04-19 00:00:00+00:00,181.61495971679688,0.0020580000709742308
2020-04-20 00:00:00+00:00,172.2971649169922,0.001981999957934022
2020-04-21 00:00:00+00:00,172.73770141601562,0.0019710001070052385
2020-04-22 00:00:00+00:00,182.59957885742188,0.002010999945923686
2020-04-23 00:00:00+00:00,185.02867126464844,0.0020469999872148037
2020-04-24 00:00:00+00:00,189.2369384765625,0.002102999947965145
2020-04-25 00:00:00+00:00,195.5153045654297,0.002142000012099743
2020-04-26 00:00:00+00:00,197.31753540039062,0.00240899994969368
2020-04-27 00:00:00+00:00,197.22471618652344,0.002355000004172325
2020-04-28 00:00:00+00:00,198.41539001464844,0.002339000115171075
2020-04-29 00:00:00+00:00,216.96823120117188,0.002517000073567033
2020-04-30 00:00:00+00:00,207.60205078125,0.0024429999757558107
2020-05-01 00:00:00+00:00,214.21910095214844,0.0024939998984336853
2020-05-02 00:00:00+00:00,215.32537841796875,0.002549000084400177
2020-05-03 00:00:00+00:00,210.9331512451172,0.0025100000202655792
2020-05-04 00:00:00+00:00,208.17401123046875,0.002481000032275915
2020-05-05 00:00:00+00:00,206.77439880371094,0.0024840000551193953
2020-05-06 00:00:00+00:00,204.0557861328125,0.0025289999321103096
2020-05-07 00:00:00+00:00,212.28941345214844,0.00266400002874434
2020-05-08 00:00:00+00:00,212.9915771484375,0.002624999964609742
2020-05-09 00:00:00+00:00,211.60012817382812,0.0026130001060664654
2020-05-10 00:00:00+00:00,188.5995635986328,0.0024590000975877047
2020-05-11 00:00:00+00:00,185.912841796875,0.0024129999801516533
2020-05-12 00:00:00+00:00,189.3125,0.0024629998952150345
2020-05-13 00:00:00+00:00,199.1932830810547,0.0025210001040250063
2020-05-14 00:00:00+00:00,202.9490966796875,0.0025740000419318676
2020-05-15 00:00:00+00:00,195.62266540527344,0.0025059999898076057
2020-05-16 00:00:00+00:00,200.6771240234375,0.0025130000431090593
2020-05-17 00:00:00+00:00,207.15869140625,0.00253800000064075
2020-05-18 00:00:00+00:00,214.52505493164062,0.0025430000387132168
2020-05-19 00:00:00+00:00,213.45111083984375,0.00253800000064075
2020-05-20 00:00:00+00:00,210.09674072265625,0.0025080000050365925
2020-05-21 00:00:00+00:00,199.88360595703125,0.0024850000627338886
2020-05-22 00:00:00+00:00,207.169189453125,0.002532999962568283
2020-05-23 00:00:00+00:00,208.69439697265625,0.00254400004632771
2020-05-24 00:00:00+00:00,202.37034606933594,0.0024580000899732113
2020-05-25 00:00:00+00:00,205.3197479248047,0.0025400000158697367
2020-05-26 00:00:00+00:00,201.90231323242188,0.002486000070348382
2020-05-27 00:00:00+00:00,208.86343383789062,0.0025100000202655792
2020-05-28 00:00:00+00:00,219.84042358398438,0.0025239998940378428
2020-05-29 00:00:00+00:00,220.6751251220703,0.0025319999549537897
2020-05-30 00:00:00+00:00,242.34559631347656,0.0026149998884648085
2020-05-31 00:00:00+00:00,230.9757080078125,0.0025549998972564936
2020-06-01 00:00:00+00:00,246.99176025390625,0.0026469998992979527
2020-06-02 00:00:00+00:00,237.21905517578125,0.002560999942943454
2020-06-03 00:00:00+00:00,244.1793212890625,0.002583000110462308
2020-06-04 00:00:00+00:00,244.4263916015625,0.0026310000102967024
2020-06-05 00:00:00+00:00,241.22198486328125,0.002595999976620078
2020-06-06 00:00:00+00:00,241.9313201904297,0.0025869999080896378
2020-06-07 00:00:00+00:00,245.16725158691406,0.002606000052765012
2020-06-08 00:00:00+00:00,246.30990600585938,0.0025839998852461576
2020-06-09 00:00:00+00:00,244.9114532470703,0.0025690000038594007
2020-06-10 00:00:00+00:00,247.4449462890625,0.0025839998852461576
2020-06-11 00:00:00+00:00,231.70266723632812,0.002452000044286251
2020-06-12 00:00:00+00:00,237.4932098388672,0.002520000096410513
2020-06-13 00:00:00+00:00,238.90884399414062,0.002532999962568283
2020-06-14 00:00:00+00:00,234.1147003173828,0.0025110000278800726
2020-06-15 00:00:00+00:00,229.9289093017578,0.0024790000170469284
2020-06-16 00:00:00+00:00,234.41616821289062,0.0024870000779628754
2020-06-17 00:00:00+00:00,233.0282745361328,0.0024850000627338886
2020-06-18 00:00:00+00:00,232.10116577148438,0.002471999963745475
2020-06-19 00:00:00+00:00,227.13829040527344,0.0024349999148398638
2020-06-20 00:00:00+00:00,229.27426147460938,0.0024470000062137842
2020-06-21 00:00:00+00:00,228.9898223876953,0.0024470000062137842
2020-06-22 00:00:00+00:00,242.53318786621094,0.0024739999789744616
2020-06-23 00:00:00+00:00,244.14215087890625,0.0024840000551193953
2020-06-24 00:00:00+00:00,235.7724609375,0.0024300001095980406
2020-06-25 00:00:00+00:00,232.94448852539062,0.0024170000106096268
2020-06-26 00:00:00+00:00,229.6680450439453,0.0023590000346302986
2020-06-27 00:00:00+00:00,222.9597930908203,0.0023129999171942472
2020-06-28 00:00:00+00:00,225.34716796875,0.002326000016182661
2020-06-29 00:00:00+00:00,228.1948699951172,0.0023129999171942472
2020-06-30 00:00:00+00:00,226.31500244140625,0.002319999970495701
2020-07-01 00:00:00+00:00,231.11341857910156,0.0023539999965578318
2020-07-02 00:00:00+00:00,229.39219665527344,0.0023610000498592854
2020-07-03 00:00:00+00:00,225.38706970214844,0.0023159999400377274
2020-07-04 00:00:00+00:00,229.07411193847656,0.0023089998867362738
2020-07-05 00:00:00+00:00,227.6645965576172,0.0023089998867362738
2020-07-06 00:00:00+00:00,241.51022338867188,0.002615999896079302
2020-07-07 00:00:00+00:00,239.07553100585938,0.0030900000128895044
2020-07-08 00:00:00+00:00,246.67001342773438,0.004749999847263098
2020-07-09 00:00:00+00:00,243.01596069335938,0.004397000186145306
2020-07-10 00:00:00+00:00,240.9849853515625,0.0035149999894201756
2020-07-11 00:00:00+00:00,239.4581756591797,0.0038109999150037766
2020-07-12 00:00:00+00:00,242.13169860839844,0.0036299999337643385
2020-07-13 00:00:00+00:00,239.60458374023438,0.00317799998447299
2020-07-14 00:00:00+00:00,240.21148681640625,0.0032939999364316463
2020-07-15 00:00:00+00:00,238.42352294921875,0.0030849999748170376
2020-07-16 00:00:00+00:00,233.64088439941406,0.0029949999880045652
2020-07-17 00:00:00+00:00,232.77308654785156,0.0030610000248998404
2020-07-18 00:00:00+00:00,235.4838104248047,0.0034729999024420977
2020-07-19 00:00:00+00:00,238.48751831054688,0.003381999908015132
2020-07-20 00:00:00+00:00,236.15316772460938,0.0032389999832957983
2020-07-21 00:00:00+00:00,245.0167236328125,0.0033050000201910734
2020-07-22 00:00:00+00:00,262.1906433105469,0.0032850001007318497
2020-07-23 00:00:00+00:00,274.6890563964844,0.0032949999440461397
2020-07-24 00:00:00+00:00,279.2154235839844,0.003220000071451068
2020-07-25 00:00:00+00:00,304.0567626953125,0.0032339999452233315
2020-07-26 00:00:00+00:00,309.64361572265625,0.003234999952837825
2020-07-27 00:00:00+00:00,321.51409912109375,0.0031530000269412994
2020-07-28 00:00:00+00:00,316.6572570800781,0.0031969998963177204
2020-07-29 00:00:00+00:00,318.1908874511719,0.003192000091075897
2020-07-30 00:00:00+00:00,334.5866394042969,0.0032309999223798513
2020-07-31 00:00:00+00:00,345.5546569824219,0.0032250001095235348
2020-08-01 00:00:00+00:00,385.19970703125,0.00368899991735816
2020-08-02 00:00:00+00:00,370.6717224121094,0.0033360000234097242
2020-08-03 00:00:00+00:00,386.295166015625,0.0033889999613165855
2020-08-04 00:00:00+00:00,389.87548828125,0.0035349999088793993
2020-08-05 00:00:00+00:00,401.590576171875,0.003512999974191189
2020-08-06 00:00:00+00:00,394.9619445800781,0.0035600000992417336
2020-08-07 00:00:00+00:00,379.5128479003906,0.0035329998936504126
2020-08-08 00:00:00+00:00,393.98736572265625,0.0035099999513477087
2020-08-09 00:00:00+00:00,391.1204528808594,0.0034630000591278076
2020-08-10 00:00:00+00:00,395.8875732421875,0.0034990001004189253
2020-08-11 00:00:00+00:00,380.3840637207031,0.0033939999993890524
2020-08-12 00:00:00+00:00,391.024169921875,0.0034839999862015247
2020-08-13 00:00:00+00:00,428.7417907714844,0.0035170000046491623
2020-08-14 00:00:00+00:00,437.3978271484375,0.003561000106856227
2020-08-15 00:00:00+00:00,433.35491943359375,0.0035389999393373728
2020-08-16 00:00:00+00:00,433.78662109375,0.003524000057950616
2020-08-17 00:00:00+00:00,429.53125,0.0035910001024603844
2020-08-18 00:00:00+00:00,423.6693115234375,0.003513999981805682
2020-08-19 00:00:00+00:00,406.4637756347656,0.00342399999499321
2020-08-20 00:00:00+00:00,416.4397888183594,0.003459000028669834
2020-08-21 00:00:00+00:00,389.1263427734375,0.003392999991774559
2020-08-22 00:00:00+00:00,395.83514404296875,0.003441999899223447
2020-08-23 00:00:00+00:00,391.3844909667969,0.003413999918848276
2020-08-24 00:00:00+00:00,408.1441955566406,0.0034179999493062496
2020-08-25 00:00:00+00:00,384.00103759765625,0.0033050000201910734
2020-08-26 00:00:00+00:00,386.46612548828125,0.0033030000049620867
2020-08-27 00:00:00+00:00,382.63262939453125,0.0032029999420046806
2020-08-28 00:00:00+00:00,395.8746643066406,0.0032679999712854624
2020-08-29 00:00:00+00:00,399.9214782714844,0.0032820000778883696
2020-08-30 00:00:00+00:00,428.3957214355469,0.0032999999821186066
2020-08-31 00:00:00+00:00,435.0797424316406,0.0032210000790655613
2020-09-01 00:00:00+00:00,477.0519104003906,0.0032560001127421856
2020-09-02 00:00:00+00:00,440.0404968261719,0.0031220000237226486
2020-09-03 00:00:00+00:00,385.67193603515625,0.0028019999153912067
2020-09-04 00:00:00+00:00,388.24114990234375,0.0028989999555051327
2020-09-05 00:00:00+00:00,335.26007080078125,0.0027580000460147858
2020-09-06 00:00:00+00:00,353.3622741699219,0.00278700003400445
2020-09-07 00:00:00+00:00,352.6734924316406,0.002810999983921647
2020-09-08 00:00:00+00:00,337.60211181640625,0.002756000030785799
2020-09-09 00:00:00+00:00,351.1100158691406,0.002778999973088503
2020-09-10 00:00:00+00:00,368.1018981933594,0.002804999938234687
2020-09-11 00:00:00+00:00,374.6955871582031,0.0028059999458491802
2020-09-12 00:00:00+00:00,387.18310546875,0.002819000044837594
2020-09-13 00:00:00+00:00,365.57000732421875,0.0027759999502450228
2020-09-14 00:00:00+00:00,377.26885986328125,0.0028029999230057
2020-09-15 00:00:00+00:00,364.8392028808594,0.002831999910995364
2020-09-16 00:00:00+00:00,365.8122863769531,0.0028260000981390476
2020-09-17 00:00:00+00:00,389.01922607421875,0.002814000006765127
2020-09-18 00:00:00+00:00,384.3645324707031,0.0028039999306201935
2020-09-19 00:00:00+00:00,385.54437255859375,0.0027940000873059034
2020-09-20 00:00:00+00:00,371.0528259277344,0.0027779999654740095
2020-09-21 00:00:00+00:00,341.78607177734375,0.002630000002682209
2020-09-22 00:00:00+00:00,344.503173828125,0.002655999967828393
2020-09-23 00:00:00+00:00,321.1163024902344,0.0025599999353289604
2020-09-24 00:00:00+00:00,349.3555908203125,0.0026279999874532223
2020-09-25 00:00:00+00:00,352.1832580566406,0.002698000054806471
2020-09-26 00:00:00+00:00,355.48809814453125,0.002715999959036708
2020-09-27 00:00:00+00:00,357.4385070800781,0.0026920000091195107
2020-09-28 00:00:00+00:00,355.159423828125,0.0026519999373704195
2020-09-29 00:00:00+00:00,359.75738525390625,0.002684999955818057
2020-09-30 00:00:00+00:00,359.9378662109375,0.002630000002682209
2020-10-01 00:00:00+00:00,353.2059020996094,0.002615999896079302
2020-10-02 00:00:00+00:00,346.2389221191406,0.002583000110462308
2020-10-03 00:00:00+00:00,346.5220947265625,0.002598999999463558
2020-10-04 00:00:00+00:00,352.5790100097656,0.002635000040754676
2020-10-05 00:00:00+00:00,353.956787109375,0.002612000098451972
2020-10-06 00:00:00+00:00,340.81585693359375,0.0026110000908374786
2020-10-07 00:00:00+00:00,341.80865478515625,0.0025949999690055847
2020-10-08 00:00:00+00:00,350.7661437988281,0.002595999976620078
2020-10-09 00:00:00+00:00,365.5904846191406,0.002652999944984913
2020-10-10 00:00:00+00:00,370.96759033203125,0.0026549999602138996
2020-10-11 00:00:00+00:00,375.1420593261719,0.0026740001048892736
2020-10-12 00:00:00+00:00,387.73126220703125,0.0026730000972747803
2020-10-13 00:00:00+00:00,381.1907653808594,0.002635000040754676
2020-10-14 00:00:00+00:00,379.4840393066406,0.0026370000559836626
2020-10-15 00:00:00+00:00,377.44183349609375,0.002592999953776598
2020-10-16 00:00:00+00:00,366.22900390625,0.002612000098451972
2020-10-17 00:00:00+00:00,368.8559265136719,0.002581000095233321
2020-10-18 00:00:00+00:00,378.21368408203125,0.0025859999004751444
2020-10-19 00:00:00+00:00,379.93560791015625,0.002589999930933118
2020-10-20 00:00:00+00:00,369.13690185546875,0.002601000014692545
2020-10-21 00:00:00+00:00,392.1899719238281,0.002630000002682209
2020-10-22 00:00:00+00:00,413.7729797363281,0.0026549999602138996
2020-10-23 00:00:00+00:00,409.7666931152344,0.0026469998992979527
2020-10-24 00:00:00+00:00,412.4576110839844,0.0026459998916834593
2020-10-25 00:00:00+00:00,406.2177734375,0.002652999944984913
2020-10-26 00:00:00+00:00,393.8883056640625,0.002678999910131097
2020-10-27 00:00:00+00:00,403.9970397949219,0.00267699989490211
2020-10-28 00:00:00+00:00,388.6507568359375,0.0025949999690055847
2020-10-29 00:00:00+00:00,386.7301025390625,0.002581000095233321
2020-10-30 00:00:00+00:00,382.8199768066406,0.002597999991849065
2020-10-31 00:00:00+00:00,386.59033203125,0.0025760000571608543
2020-11-01 00:00:00+00:00,396.3581848144531,0.0025820001028478146
2020-11-02 00:00:00+00:00,383.15673828125,0.002517000073567033
2020-11-03 00:00:00+00:00,387.6021728515625,0.0025279999244958162
2020-11-04 00:00:00+00:00,402.1419982910156,0.002532999962568283
2020-11-05 00:00:00+00:00,414.0673522949219,0.002616999903693795
2020-11-06 00:00:00+00:00,454.71929931640625,0.0027600000612437725
2020-11-07 00:00:00+00:00,435.713134765625,0.0026710000820457935
2020-11-08 00:00:00+00:00,453.5547790527344,0.002710999920964241
2020-11-09 00:00:00+00:00,444.1630554199219,0.0026700000744313
2020-11-10 00:00:00+00:00,449.67962646484375,0.002753000007942319
2020-11-11 00:00:00+00:00,462.9605407714844,0.002768999896943569
2020-11-12 00:00:00+00:00,461.0052795410156,0.002778999973088503
2020-11-13 00:00:00+00:00,474.6264343261719,0.0028210000600665808
2020-11-14 00:00:00+00:00,460.14984130859375,0.0027729999274015427
2020-11-15 00:00:00+00:00,447.55908203125,0.0027749999426305294
2020-11-16 00:00:00+00:00,459.9403076171875,0.0028860000893473625
2020-11-17 00:00:00+00:00,480.3600769042969,0.0029360000044107437
2020-11-18 00:00:00+00:00,479.48406982421875,0.0029090000316500664
2020-11-19 00:00:00+00:00,471.63043212890625,0.002911000046879053
2020-11-20 00:00:00+00:00,509.74456787109375,0.002983999904245138
2020-11-21 00:00:00+00:00,549.4866333007812,0.0035069999285042286
2020-11-22 00:00:00+00:00,558.068115234375,0.0033289999701082706
2020-11-23 00:00:00+00:00,608.4540405273438,0.003648000070825219
2020-11-24 00:00:00+00:00,603.8977661132812,0.0042039998807013035
2020-11-25 00:00:00+00:00,570.6866455078125,0.0037269999738782644
2020-11-26 00:00:00+00:00,518.8011474609375,0.0032500000670552254
2020-11-27 00:00:00+00:00,517.4937133789062,0.003275000024586916
2020-11-28 00:00:00+00:00,538.2297973632812,0.0034050000831484795
2020-11-29 00:00:00+00:00,575.758056640625,0.003447999944910407
2020-11-30 00:00:00+00:00,614.842529296875,0.0035510000307112932
2020-12-01 00:00:00+00:00,587.3241577148438,0.003335000015795231
2020-12-02 00:00:00+00:00,598.3523559570312,0.0033740000799298286
2020-12-03 00:00:00+00:00,616.708740234375,0.0034280000254511833
2020-12-04 00:00:00+00:00,569.3541870117188,0.00329799996688962
2020-12-05 00:00:00+00:00,596.595458984375,0.0033970000222325325
2020-12-06 00:00:00+00:00,601.9089965820312,0.003387999953702092
2020-12-07 00:00:00+00:00,591.8433837890625,0.0033420000690966845
2020-12-08 00:00:00+00:00,554.8277587890625,0.0031789999920874834
2020-12-09 00:00:00+00:00,573.4791259765625,0.0031580000650137663
2020-12-10 00:00:00+00:00,559.6785278320312,0.0031049998942762613
2020-12-11 00:00:00+00:00,545.79736328125,0.0030789999291300774
2020-12-12 00:00:00+00:00,568.5673217773438,0.003163000103086233
2020-12-13 00:00:00+00:00,589.6632080078125,0.0032560001127421856
2020-12-14 00:00:00+00:00,586.0111694335938,0.0032309999223798513
2020-12-15 00:00:00+00:00,589.3555908203125,0.0032059999648481607
2020-12-16 00:00:00+00:00,636.1818237304688,0.003415999934077263
2020-12-17 00:00:00+00:00,642.8689575195312,0.0037299999967217445
2020-12-18 00:00:00+00:00,654.8119506835938,0.0038580000400543213
2020-12-19 00:00:00+00:00,659.2979125976562,0.003926999866962433
2020-12-20 00:00:00+00:00,638.2908325195312,0.004625000059604645
2020-12-21 00:00:00+00:00,609.81787109375,0.004786999896168709
2020-12-22 00:00:00+00:00,634.8541870117188,0.0045079998672008514
2020-12-23 00:00:00+00:00,583.714599609375,0.003768000053241849
2020-12-24 00:00:00+00:00,611.607177734375,0.004569999873638153
2020-12-25 00:00:00+00:00,626.4107055664062,0.0045819999650120735
2020-12-26 00:00:00+00:00,635.8358154296875,0.004494000226259232
2020-12-27 00:00:00+00:00,682.642333984375,0.004548000171780586
2020-12-28 00:00:00+00:00,730.3973388671875,0.004592000041157007
2020-12-29 00:00:00+00:00,731.5201416015625,0.004486000165343285
2020-12-30 00:00:00+00:00,751.6189575195312,0.004635999910533428
2020-12-31 00:00:00+00:00,737.8034057617188,0.004681999795138836
2021-01-01 00:00:00+00:00,730.3675537109375,0.005685000214725733
2021-01-02 00:00:00+00:00,774.5349731445312,0.010614999569952488
2021-01-03 00:00:00+00:00,975.5076904296875,0.009770999662578106
2021-01-04 00:00:00+00:00,1040.2330322265625,0.009766999632120132
2021-01-05 00:00:00+00:00,1100.006103515625,0.009920000098645687
2021-01-06 00:00:00+00:00,1207.1121826171875,0.010464999824762344
2021-01-07 00:00:00+00:00,1225.6781005859375,0.00974200014024973
2021-01-08 00:00:00+00:00,1224.1971435546875,0.009846000000834465
2021-01-09 00:00:00+00:00,1281.0772705078125,0.010193999856710434
2021-01-10 00:00:00+00:00,1262.2467041015625,0.009859999641776085
2021-01-11 00:00:00+00:00,1090.1453857421875,0.008834999985992908
2021-01-12 00:00:00+00:00,1043.4345703125,0.008062999695539474
2021-01-13 00:00:00+00:00,1130.7393798828125,0.008616000413894653
2021-01-14 00:00:00+00:00,1218.4530029296875,0.009397000074386597
2021-01-15 00:00:00+00:00,1171.8345947265625,0.009368999861180782
2021-01-16 00:00:00+00:00,1233.53759765625,0.009265000000596046
2021-01-17 00:00:00+00:00,1230.1722412109375,0.009066999889910221
2021-01-18 00:00:00+00:00,1257.279541015625,0.009170999750494957
2021-01-19 00:00:00+00:00,1377.2958984375,0.009097999893128872
2021-01-20 00:00:00+00:00,1382.2740478515625,0.009060000069439411
2021-01-21 00:00:00+00:00,1121.5709228515625,0.008166000247001648
2021-01-22 00:00:00+00:00,1236.51220703125,0.008523999713361263
2021-01-23 00:00:00+00:00,1230.9906005859375,0.008578999899327755
2021-01-24 00:00:00+00:00,1391.609375,0.008727000094950199
2021-01-25 00:00:00+00:00,1324.414794921875,0.008383000269532204
2021-01-26 00:00:00+00:00,1357.05810546875,0.008255000226199627
2021-01-27 00:00:00+00:00,1253.1871337890625,0.007482000160962343
2021-01-28 00:00:00+00:00,1332.4921875,0.03408399969339371
2021-01-29 00:00:00+00:00,1382.5228271484375,0.047162000089883804
2021-01-30 00:00:00+00:00,1376.115478515625,0.028176000341773033
2021-01-31 00:00:00+00:00,1314.9862060546875,0.037195999175310135
2021-02-01 00:00:00+00:00,1369.04052734375,0.03487500175833702
2021-02-02 00:00:00+00:00,1515.1937255859375,0.03152000159025192
2021-02-03 00:00:00+00:00,1660.9095458984375,0.03711999952793121
2021-02-04 00:00:00+00:00,1594.7626953125,0.05328899994492531
2021-02-05 00:00:00+00:00,1718.65087890625,0.04693499952554703
2021-02-06 00:00:00+00:00,1677.8468017578125,0.05759499967098236
2021-02-07 00:00:00+00:00,1614.227783203125,0.07878199964761734
2021-02-08 00:00:00+00:00,1746.6168212890625,0.07882499694824219
2021-02-09 00:00:00+00:00,1768.0350341796875,0.07006999850273132
2021-02-10 00:00:00+00:00,1744.243408203125,0.07289600372314453
2021-02-11 00:00:00+00:00,1783.7979736328125,0.0696759968996048
2021-02-12 00:00:00+00:00,1843.5325927734375,0.07006900012493134
2021-02-13 00:00:00+00:00,1814.10986328125,0.06644999980926514
2021-02-14 00:00:00+00:00,1805.0841064453125,0.06253699958324432
2021-02-15 00:00:00+00:00,1779.791015625,0.05659100040793419
2021-02-16 00:00:00+00:00,1781.0675048828125,0.05352000147104263
2021-02-17 00:00:00+00:00,1848.458251953125,0.049375999718904495
2021-02-18 00:00:00+00:00,1937.44921875,0.0595409981906414
2021-02-19 00:00:00+00:00,1960.164794921875,0.055139001458883286
2021-02-20 00:00:00+00:00,1919.5340576171875,0.05438400059938431
2021-02-21 00:00:00+00:00,1935.60107421875,0.055980000644922256
2021-02-22 00:00:00+00:00,1781.992919921875,0.053725000470876694
2021-02-23 00:00:00+00:00,1570.2039794921875,0.04739199951291084
2021-02-24 00:00:00+00:00,1626.57568359375,0.05655499920248985
2021-02-25 00:00:00+00:00,1475.7037353515625,0.05016700178384781
2021-02-26 00:00:00+00:00,1446.03369140625,0.05048000067472458
2021-02-27 00:00:00+00:00,1459.97314453125,0.05008300021290779
2021-02-28 00:00:00+00:00,1416.0489501953125,0.04805200174450874
2021-03-01 00:00:00+00:00,1564.7076416015625,0.050599001348018646
2021-03-02 00:00:00+00:00,1492.6087646484375,0.050262000411748886
2021-03-03 00:00:00+00:00,1575.8531494140625,0.050592001527547836
2021-03-04 00:00:00+00:00,1541.914306640625,0.05004800111055374
2021-03-05 00:00:00+00:00,1533.2750244140625,0.049609001725912094
2021-03-06 00:00:00+00:00,1654.7415771484375,0.05098399892449379
2021-03-07 00:00:00+00:00,1723.15380859375,0.052122000604867935
2021-03-08 00:00:00+00:00,1834.7279052734375,0.061948999762535095
2021-03-09 00:00:00+00:00,1868.048828125,0.05799800157546997
2021-03-10 00:00:00+00:00,1799.166259765625,0.05600399896502495
2021-03-11 00:00:00+00:00,1826.1949462890625,0.055918000638484955
2021-03-12 00:00:00+00:00,1772.1024169921875,0.05534899979829788
2021-03-13 00:00:00+00:00,1924.6854248046875,0.062431998550891876
2021-03-14 00:00:00+00:00,1854.5643310546875,0.05859199911355972
2021-03-15 00:00:00+00:00,1791.7022705078125,0.05708799883723259
2021-03-16 00:00:00+00:00,1806.9718017578125,0.05860700085759163
2021-03-17 00:00:00+00:00,1823.4493408203125,0.057652998715639114
2021-03-18 00:00:00+00:00,1782.8551025390625,0.05738300085067749
2021-03-19 00:00:00+00:00,1817.6241455078125,0.05832799896597862
2021-03-20 00:00:00+00:00,1812.6346435546875,0.05896100029349327
2021-03-21 00:00:00+00:00,1788.217041015625,0.05723400041460991
2021-03-22 00:00:00+00:00,1691.333984375,0.054962001740932465
2021-03-23 00:00:00+00:00,1678.650146484375,0.05355599895119667
2021-03-24 00:00:00+00:00,1593.4134521484375,0.051702000200748444
2021-03-25 00:00:00+00:00,1595.3592529296875,0.051447998732328415
2021-03-26 00:00:00+00:00,1702.842041015625,0.05395200103521347
2021-03-27 00:00:00+00:00,1716.49462890625,0.0543770007789135
2021-03-28 00:00:00+00:00,1691.35595703125,0.05369799956679344
2021-03-29 00:00:00+00:00,1819.6849365234375,0.054051999002695084
2021-03-30 00:00:00+00:00,1846.03369140625,0.05389999970793724
2021-03-31 00:00:00+00:00,1918.362060546875,0.05365699902176857
2021-04-01 00:00:00+00:00,1977.27685546875,0.06198599934577942
2021-04-02 00:00:00+00:00,2143.2255859375,0.05766399949789047
2021-04-03 00:00:00+00:00,2028.4224853515625,0.05580399930477142
2021-04-04 00:00:00+00:00,2093.122802734375,0.05740400031208992
2021-04-05 00:00:00+00:00,2107.88720703125,0.059696000069379807
2021-04-06 00:00:00+00:00,2118.37890625,0.06445799767971039
2021-04-07 00:00:00+00:00,1971.0772705078125,0.05902799963951111
2021-04-08 00:00:00+00:00,2088.57373046875,0.06146400049328804
2021-04-09 00:00:00+00:00,2072.10888671875,0.06168400123715401
2021-04-10 00:00:00+00:00,2135.942138671875,0.06384500116109848
2021-04-11 00:00:00+00:00,2157.656982421875,0.07464899867773056
2021-04-12 00:00:00+00:00,2139.353271484375,0.07076700031757355
2021-04-13 00:00:00+00:00,2299.187744140625,0.09344500303268433
2021-04-14 00:00:00+00:00,2435.10498046875,0.12151700258255005
2021-04-15 00:00:00+00:00,2519.1162109375,0.18220700323581696
2021-04-16 00:00:00+00:00,2431.946533203125,0.36586999893188477
2021-04-17 00:00:00+00:00,2344.89501953125,0.28417301177978516
2021-04-18 00:00:00+00:00,2237.136962890625,0.3204750120639801
2021-04-19 00:00:00+00:00,2166.188720703125,0.40731799602508545
2021-04-20 00:00:00+00:00,2330.2109375,0.31949999928474426
2021-04-21 00:00:00+00:00,2364.751708984375,0.3069249987602234
2021-04-22 00:00:00+00:00,2403.53515625,0.2609669864177704
2021-04-23 00:00:00+00:00,2363.586181640625,0.2485090047121048
2021-04-24 00:00:00+00:00,2211.625732421875,0.27021199464797974
2021-04-25 00:00:00+00:00,2316.0595703125,0.2511110007762909
2021-04-26 00:00:00+00:00,2534.481689453125,0.2706739902496338
2021-04-27 00:00:00+00:00,2662.865234375,0.2721880078315735
2021-04-28 00:00:00+00:00,2746.380126953125,0.3236820101737976
2021-04-29 00:00:00+00:00,2756.876953125,0.3051689863204956
2021-04-30 00:00:00+00:00,2773.20703125,0.3375610113143921
2021-05-01 00:00:00+00:00,2945.892822265625,0.3929870128631592
2021-05-02 00:00:00+00:00,2952.05615234375,0.37604600191116333
2021-05-03 00:00:00+00:00,3431.086181640625,0.44170698523521423
2021-05-04 00:00:00+00:00,3253.62939453125,0.5413339734077454
2021-05-05 00:00:00+00:00,3522.783203125,0.6576330065727234
2021-05-06 00:00:00+00:00,3490.88037109375,0.5808039903640747
2021-05-07 00:00:00+00:00,3484.72900390625,0.684777021408081
2021-05-08 00:00:00+00:00,3902.647705078125,0.6364390254020691
2021-05-09 00:00:00+00:00,3928.8447265625,0.5700700283050537
2021-05-10 00:00:00+00:00,3952.2939453125,0.4499639868736267
2021-05-11 00:00:00+00:00,4168.701171875,0.4952310025691986
2021-05-12 00:00:00+00:00,3785.8486328125,0.3853760063648224
2021-05-13 00:00:00+00:00,3715.1484375,0.49037399888038635
2021-05-14 00:00:00+00:00,4079.057373046875,0.5596039891242981
2021-05-15 00:00:00+00:00,3638.1220703125,0.507972002029419
2021-05-16 00:00:00+00:00,3587.506103515625,0.5148950219154358
2021-05-17 00:00:00+00:00,3282.397705078125,0.4878920018672943
2021-05-18 00:00:00+00:00,3380.070068359375,0.47611498832702637
2021-05-19 00:00:00+00:00,2460.67919921875,0.33312299847602844
2021-05-20 00:00:00+00:00,2784.294189453125,0.400193989276886
2021-05-21 00:00:00+00:00,2430.621337890625,0.3593820035457611
2021-05-22 00:00:00+00:00,2295.70556640625,0.34237098693847656
2021-05-23 00:00:00+00:00,2109.579833984375,0.30807098746299744
2021-05-24 00:00:00+00:00,2643.591064453125,0.3661620020866394
2021-05-25 00:00:00+00:00,2706.62890625,0.34630200266838074
2021-05-26 00:00:00+00:00,2888.69873046875,0.35369300842285156
2021-05-27 00:00:00+00:00,2736.488525390625,0.33294498920440674
2021-05-28 00:00:00+00:00,2419.90625,0.3112049996852875
2021-05-29 00:00:00+00:00,2279.51416015625,0.3031100034713745
2021-05-30 00:00:00+00:00,2390.305419921875,0.3022240102291107
2021-05-31 00:00:00+00:00,2714.9453125,0.3258099853992462
2021-06-01 00:00:00+00:00,2633.518310546875,0.3700770139694214
2021-06-02 00:00:00+00:00,2706.125,0.4233739972114563
2021-06-03 00:00:00+00:00,2855.12646484375,0.39996299147605896
2021-06-04 00:00:00+00:00,2688.195068359375,0.37632301449775696
2021-06-05 00:00:00+00:00,2630.576904296875,0.37217700481414795
2021-06-06 00:00:00+00:00,2715.0927734375,0.3718070089817047
2021-06-07 00:00:00+00:00,2590.26318359375,0.33105000853538513
2021-06-08 00:00:00+00:00,2517.438720703125,0.32768699526786804
2021-06-09 00:00:00+00:00,2608.26708984375,0.3433310091495514
2021-06-10 00:00:00+00:00,2471.5185546875,0.32635098695755005
2021-06-11 00:00:00+00:00,2353.768798828125,0.3193590044975281
2021-06-12 00:00:00+00:00,2372.484375,0.31208398938179016
2021-06-13 00:00:00+00:00,2508.3916015625,0.3243820071220398
2021-06-14 00:00:00+00:00,2537.89111328125,0.3320850133895874
2021-06-15 00:00:00+00:00,2610.936767578125,0.3283810019493103
2021-06-16 00:00:00+00:00,2367.66357421875,0.307761013507843
2021-06-17 00:00:00+00:00,2372.001953125,0.3064959943294525
2021-06-18 00:00:00+00:00,2231.733154296875,0.2934719920158386
2021-06-19 00:00:00+00:00,2178.4990234375,0.2873559892177582
2021-06-20 00:00:00+00:00,2246.364501953125,0.2809000015258789
2021-06-21 00:00:00+00:00,1888.447509765625,0.17869099974632263
2021-06-22 00:00:00+00:00,1874.9500732421875,0.19103099405765533
2021-06-23 00:00:00+00:00,1989.736328125,0.23217399418354034
2021-06-24 00:00:00+00:00,1988.456298828125,0.2627820074558258
2021-06-25 00:00:00+00:00,1813.21728515625,0.23915299773216248
2021-06-26 00:00:00+00:00,1829.2392578125,0.24478399753570557
2021-06-27 00:00:00+00:00,1978.8946533203125,0.2644500136375427
2021-06-28 00:00:00+00:00,2079.657470703125,0.2568570077419281
2021-06-29 00:00:00+00:00,2160.768310546875,0.26276901364326477
2021-06-30 00:00:00+00:00,2274.547607421875,0.2542150020599365
2021-07-01 00:00:00+00:00,2113.60546875,0.2445490062236786
2021-07-02 00:00:00+00:00,2150.040283203125,0.2452639937400818
2021-07-03 00:00:00+00:00,2226.1142578125,0.24641099572181702
2021-07-04 00:00:00+00:00,2321.72412109375,0.2464829981327057
2021-07-05 00:00:00+00:00,2198.58251953125,0.23161399364471436
2021-07-06 00:00:00+00:00,2324.679443359375,0.2344219982624054
2021-07-07 00:00:00+00:00,2315.161865234375,0.22412599623203278
2021-07-08 00:00:00+00:00,2120.0263671875,0.20759700238704681
2021-07-09 00:00:00+00:00,2146.6923828125,0.21986399590969086
2021-07-10 00:00:00+00:00,2111.403564453125,0.213919997215271
2021-07-11 00:00:00+00:00,2139.664794921875,0.21585600078105927
2021-07-12 00:00:00+00:00,2036.7210693359375,0.2080480009317398
2021-07-13 00:00:00+00:00,1940.083984375,0.2000029981136322
2021-07-14 00:00:00+00:00,1994.331298828125,0.1973239928483963
2021-07-15 00:00:00+00:00,1911.1756591796875,0.18488800525665283
2021-07-16 00:00:00+00:00,1880.3829345703125,0.17234499752521515
2021-07-17 00:00:00+00:00,1898.8251953125,0.1861249953508377
2021-07-18 00:00:00+00:00,1895.5521240234375,0.18223300576210022
2021-07-19 00:00:00+00:00,1817.296630859375,0.17355599999427795
2021-07-20 00:00:00+00:00,1787.5107421875,0.17080099880695343
2021-07-21 00:00:00+00:00,1990.9708251953125,0.19034899771213531
2021-07-22 00:00:00+00:00,2025.2027587890625,0.19130299985408783
2021-07-23 00:00:00+00:00,2124.776611328125,0.19476400315761566
2021-07-24 00:00:00+00:00,2189.21875,0.19731900095939636
2021-07-25 00:00:00+00:00,2191.373779296875,0.19786399602890015
2021-07-26 00:00:00+00:00,2233.36669921875,0.20441900193691254
2021-07-27 00:00:00+00:00,2298.33349609375,0.20589900016784668
2021-07-28 00:00:00+00:00,2296.54541015625,0.2053920030593872
2021-07-29 00:00:00+00:00,2380.956787109375,0.20461900532245636
2021-07-30 00:00:00+00:00,2466.96142578125,0.20882099866867065
2021-07-31 00:00:00+00:00,2536.2099609375,0.20831400156021118
2021-08-01 00:00:00+00:00,2561.85205078125,0.2044370025396347
2021-08-02 00:00:00+00:00,2610.1533203125,0.20360000431537628
2021-08-03 00:00:00+00:00,2502.349609375,0.19596700370311737
2021-08-04 00:00:00+00:00,2724.619873046875,0.20148999989032745
2021-08-05 00:00:00+00:00,2827.328857421875,0.2009740024805069
2021-08-06 00:00:00+00:00,2890.941650390625,0.20468799769878387
2021-08-07 00:00:00+00:00,3157.23876953125,0.26034098863601685
2021-08-08 00:00:00+00:00,3013.732666015625,0.2400449961423874
2021-08-09 00:00:00+00:00,3167.856201171875,0.2568970024585724
2021-08-10 00:00:00+00:00,3141.691162109375,0.2573249936103821
2021-08-11 00:00:00+00:00,3164.2451171875,0.26526299118995667
2021-08-12 00:00:00+00:00,3043.414306640625,0.26392099261283875
2021-08-13 00:00:00+00:00,3322.211669921875,0.2868080139160156
2021-08-14 00:00:00+00:00,3265.443359375,0.29311299324035645
2021-08-15 00:00:00+00:00,3310.504150390625,0.34144100546836853
2021-08-16 00:00:00+00:00,3156.509521484375,0.3207150101661682
2021-08-17 00:00:00+00:00,3014.845947265625,0.29944199323654175
2021-08-18 00:00:00+00:00,3020.08984375,0.3037390112876892
2021-08-19 00:00:00+00:00,3182.7021484375,0.3171440064907074
2021-08-20 00:00:00+00:00,3286.935302734375,0.32749098539352417
2021-08-21 00:00:00+00:00,3226.083984375,0.3167969882488251
2021-08-22 00:00:00+00:00,3242.115478515625,0.3149630129337311
2021-08-23 00:00:00+00:00,3319.25732421875,0.3179140090942383
2021-08-24 00:00:00+00:00,3172.456298828125,0.28873899579048157
2021-08-25 00:00:00+00:00,3224.915283203125,0.29222598671913147
2021-08-26 00:00:00+00:00,3100.325439453125,0.2689090073108673
2021-08-27 00:00:00+00:00,3270.600830078125,0.29443299770355225
2021-08-28 00:00:00+00:00,3244.4033203125,0.285629004240036
2021-08-29 00:00:00+00:00,3227.002685546875,0.281125009059906
2021-08-30 00:00:00+00:00,3224.374267578125,0.2721250057220459
2021-08-31 00:00:00+00:00,3433.732666015625,0.27845299243927
2021-09-01 00:00:00+00:00,3834.828125,0.29440099000930786
2021-09-02 00:00:00+00:00,3790.989990234375,0.29595500230789185
2021-09-03 00:00:00+00:00,3940.61474609375,0.29627299308776855
2021-09-04 00:00:00+00:00,3887.828369140625,0.29938799142837524
2021-09-05 00:00:00+00:00,3952.133544921875,0.3145270049571991
2021-09-06 00:00:00+00:00,3928.37939453125,0.3087649941444397
2021-09-07 00:00:00+00:00,3426.394287109375,0.2537440061569214
2021-09-08 00:00:00+00:00,3497.315185546875,0.2571130096912384
2021-09-09 00:00:00+00:00,3427.340087890625,0.252595990896225
2021-09-10 00:00:00+00:00,3211.505859375,0.2399819940328598
2021-09-11 00:00:00+00:00,3270.278076171875,0.24143199622631073
2021-09-12 00:00:00+00:00,3410.134521484375,0.25061699748039246
2021-09-13 00:00:00+00:00,3285.51171875,0.23590600490570068
2021-09-14 00:00:00+00:00,3429.169677734375,0.24070900678634644
2021-09-15 00:00:00+00:00,3615.28271484375,0.24769699573516846
2021-09-16 00:00:00+00:00,3571.294921875,0.24255500733852386
2021-09-17 00:00:00+00:00,3398.538818359375,0.23993000388145447
2021-09-18 00:00:00+00:00,3432.018310546875,0.24138599634170532
2021-09-19 00:00:00+00:00,3329.447998046875,0.23314200341701508
2021-09-20 00:00:00+00:00,2958.993408203125,0.20707100629806519
2021-09-21 00:00:00+00:00,2764.43115234375,0.2010270059108734
2021-09-22 00:00:00+00:00,3077.867919921875,0.22485800087451935
2021-09-23 00:00:00+00:00,3155.523681640625,0.22483199834823608
2021-09-24 00:00:00+00:00,2931.669189453125,0.20945100486278534
2021-09-25 00:00:00+00:00,2925.565673828125,0.208639994263649
2021-09-26 00:00:00+00:00,3062.265380859375,0.20496200025081635
2021-09-27 00:00:00+00:00,2934.138916015625,0.20026199519634247
2021-09-28 00:00:00+00:00,2807.296630859375,0.1968040019273758
2021-09-29 00:00:00+00:00,2853.143310546875,0.19887599349021912
2021-09-30 00:00:00+00:00,3001.678955078125,0.204244002699852
2021-10-01 00:00:00+00:00,3307.51611328125,0.22301000356674194
2021-10-02 00:00:00+00:00,3391.6943359375,0.21913300454616547
2021-10-03 00:00:00+00:00,3418.358642578125,0.2217479944229126
2021-10-04 00:00:00+00:00,3380.089111328125,0.2408519983291626
2021-10-05 00:00:00+00:00,3518.5185546875,0.25201600790023804
2021-10-06 00:00:00+00:00,3580.56201171875,0.2551339864730835
2021-10-07 00:00:00+00:00,3587.974853515625,0.24292300641536713
2021-10-08 00:00:00+00:00,3563.75927734375,0.24385100603103638
2021-10-09 00:00:00+00:00,3575.716796875,0.24659599363803864
2021-10-10 00:00:00+00:00,3425.852783203125,0.22980499267578125
2021-10-11 00:00:00+00:00,3545.35400390625,0.23150299489498138
2021-10-12 00:00:00+00:00,3492.5732421875,0.22624200582504272
2021-10-13 00:00:00+00:00,3606.20166015625,0.23257200419902802
2021-10-14 00:00:00+00:00,3786.01416015625,0.23227299749851227
2021-10-15 00:00:00+00:00,3862.634765625,0.23378199338912964
2021-10-16 00:00:00+00:00,3830.382080078125,0.23729200661182404
2021-10-17 00:00:00+00:00,3847.1044921875,0.23789800703525543
2021-10-18 00:00:00+00:00,3748.76025390625,0.2472810000181198
2021-10-19 00:00:00+00:00,3877.65087890625,0.24578799307346344
2021-10-20 00:00:00+00:00,4155.9921875,0.2540929913520813
2021-10-21 00:00:00+00:00,4054.32275390625,0.24239100515842438
2021-10-22 00:00:00+00:00,3970.181884765625,0.24422100186347961
2021-10-23 00:00:00+00:00,4171.66357421875,0.2517330050468445
2021-10-24 00:00:00+00:00,4087.903076171875,0.2770479917526245
2021-10-25 00:00:00+00:00,4217.876953125,0.2647069990634918
2021-10-26 00:00:00+00:00,4131.10205078125,0.255731999874115
2021-10-27 00:00:00+00:00,3930.25732421875,0.2376900017261505
2021-10-28 00:00:00+00:00,4287.31884765625,0.3004469871520996
2021-10-29 00:00:00+00:00,4414.74658203125,0.2878530025482178
2021-10-30 00:00:00+00:00,4325.650390625,0.2683449983596802
2021-10-31 00:00:00+00:00,4288.07421875,0.28024399280548096
2021-11-01 00:00:00+00:00,4324.626953125,0.2717280089855194
2021-11-02 00:00:00+00:00,4584.798828125,0.2731209993362427
2021-11-03 00:00:00+00:00,4607.19384765625,0.2694070041179657
2021-11-04 00:00:00+00:00,4537.32421875,0.2632800042629242
2021-11-05 00:00:00+00:00,4486.2431640625,0.26146501302719116
2021-11-06 00:00:00+00:00,4521.5810546875,0.261898010969162
2021-11-07 00:00:00+00:00,4620.5546875,0.2663150131702423
2021-11-08 00:00:00+00:00,4812.08740234375,0.2823590040206909
2021-11-09 00:00:00+00:00,4735.06884765625,0.27352601289749146
2021-11-10 00:00:00+00:00,4636.17431640625,0.2557089924812317
2021-11-11 00:00:00+00:00,4730.38427734375,0.2611669898033142
2021-11-12 00:00:00+00:00,4667.115234375,0.2594139873981476
2021-11-13 00:00:00+00:00,4651.46044921875,0.26170599460601807
2021-11-14 00:00:00+00:00,4626.35888671875,0.26291200518608093
2021-11-15 00:00:00+00:00,4557.50390625,0.2565290033817291
2021-11-16 00:00:00+00:00,4216.365234375,0.2372490018606186
2021-11-17 00:00:00+00:00,4287.59375,0.23748700320720673
2021-11-18 00:00:00+00:00,4000.65087890625,0.2213830053806305
2021-11-19 00:00:00+00:00,4298.306640625,0.2331099957227707
2021-11-20 00:00:00+00:00,4409.93115234375,0.233024001121521
2021-11-21 00:00:00+00:00,4269.73291015625,0.22632800042629242
2021-11-22 00:00:00+00:00,4088.457763671875,0.21967600286006927
2021-11-23 00:00:00+00:00,4340.763671875,0.22651199996471405
2021-11-24 00:00:00+00:00,4239.9814453125,0.2218250036239624
2021-11-25 00:00:00+00:00,4274.7431640625,0.21632599830627441
2021-11-26 00:00:00+00:00,4030.908935546875,0.20088699460029602
2021-11-27 00:00:00+00:00,4096.912109375,0.2053470015525818
2021-11-28 00:00:00+00:00,4294.45361328125,0.20747199654579163
2021-11-29 00:00:00+00:00,4445.10498046875,0.21517500281333923
2021-11-30 00:00:00+00:00,4631.47900390625,0.21471500396728516
2021-12-01 00:00:00+00:00,4586.990234375,0.20948700606822968
2021-12-02 00:00:00+00:00,4511.30224609375,0.2097260057926178
2021-12-03 00:00:00+00:00,4220.7060546875,0.19999299943447113
2021-12-04 00:00:00+00:00,4119.58740234375,0.17885300517082214
2021-12-05 00:00:00+00:00,4198.32275390625,0.17125500738620758
2021-12-06 00:00:00+00:00,4358.7373046875,0.17839999496936798
2021-12-07 00:00:00+00:00,4315.0615234375,0.17680500447750092
2021-12-08 00:00:00+00:00,4439.35791015625,0.1791509985923767
2021-12-09 00:00:00+00:00,4119.81591796875,0.1694840043783188
2021-12-10 00:00:00+00:00,3908.49609375,0.16442200541496277
2021-12-11 00:00:00+00:00,4084.452392578125,0.16901899874210358
2021-12-12 00:00:00+00:00,4134.453125,0.16989099979400635
2021-12-13 00:00:00+00:00,3784.226806640625,0.15756499767303467
2021-12-14 00:00:00+00:00,3745.4404296875,0.18015700578689575
2021-12-15 00:00:00+00:00,4018.388671875,0.18108199536800385
2021-12-16 00:00:00+00:00,3962.4697265625,0.17345400154590607
2021-12-17 00:00:00+00:00,3879.486572265625,0.1690099984407425
2021-12-18 00:00:00+00:00,3960.860107421875,0.17239999771118164
2021-12-19 00:00:00+00:00,3922.592529296875,0.1695760041475296
2021-12-20 00:00:00+00:00,3933.844482421875,0.16732199490070343
2021-12-21 00:00:00+00:00,4020.260009765625,0.1711750030517578
2021-12-22 00:00:00+00:00,3982.099609375,0.17321400344371796
2021-12-23 00:00:00+00:00,4108.015625,0.18448999524116516
2021-12-24 00:00:00+00:00,4047.98291015625,0.1866219937801361
2021-12-25 00:00:00+00:00,4093.281005859375,0.19065700471401215
2021-12-26 00:00:00+00:00,4067.328125,0.19001999497413635
2021-12-27 00:00:00+00:00,4037.547607421875,0.18770499527454376
2021-12-28 00:00:00+00:00,3800.89306640625,0.17411699891090393
2021-12-29 00:00:00+00:00,3628.53173828125,0.16776500642299652
2021-12-30 00:00:00+00:00,3713.85205078125,0.17131300270557404
2021-12-31 00:00:00+00:00,3682.6328125,0.17049600183963776
2022-01-01 00:00:00+00:00,3769.697021484375,0.17303499579429626
2022-01-02 00:00:00+00:00,3829.56494140625,0.17440299689769745
2022-01-03 00:00:00+00:00,3761.38037109375,0.170087993144989
2022-01-04 00:00:00+00:00,3794.056640625,0.16880300641059875
2022-01-05 00:00:00+00:00,3550.386962890625,0.15941999852657318
2022-01-06 00:00:00+00:00,3418.408203125,0.16021299362182617
2022-01-07 00:00:00+00:00,3193.21044921875,0.155022993683815
2022-01-08 00:00:00+00:00,3091.97265625,0.15195399522781372
2022-01-09 00:00:00+00:00,3157.75146484375,0.15106500685214996
2022-01-10 00:00:00+00:00,3083.097900390625,0.1433590054512024
2022-01-11 00:00:00+00:00,3238.111572265625,0.1533990055322647
2022-01-12 00:00:00+00:00,3372.25830078125,0.16165199875831604
2022-01-13 00:00:00+00:00,3248.28857421875,0.17204299569129944
2022-01-14 00:00:00+00:00,3310.00146484375,0.18354900181293488
2022-01-15 00:00:00+00:00,3330.53076171875,0.18510299921035767
2022-01-16 00:00:00+00:00,3350.921875,0.17717599868774414
2022-01-17 00:00:00+00:00,3212.304931640625,0.1711450070142746
2022-01-18 00:00:00+00:00,3164.025146484375,0.16548499464988708
2022-01-19 00:00:00+00:00,3095.825927734375,0.16235600411891937
2022-01-20 00:00:00+00:00,3001.1201171875,0.15520399808883667
2022-01-21 00:00:00+00:00,2557.931640625,0.14263999462127686
2022-01-22 00:00:00+00:00,2405.18115234375,0.13289199769496918
2022-01-23 00:00:00+00:00,2535.0390625,0.14186300337314606
2022-01-24 00:00:00+00:00,2440.352294921875,0.1377979964017868
2022-01-25 00:00:00+00:00,2455.93505859375,0.14304900169372559
2022-01-26 00:00:00+00:00,2468.0302734375,0.14378899335861206
2022-01-27 00:00:00+00:00,2423.001220703125,0.1412470042705536
2022-01-28 00:00:00+00:00,2547.092041015625,0.14165599644184113
2022-01-29 00:00:00+00:00,2597.084716796875,0.1430560052394867
2022-01-30 00:00:00+00:00,2603.466552734375,0.13947099447250366
2022-01-31 00:00:00+00:00,2688.27880859375,0.1418049931526184
2022-02-01 00:00:00+00:00,2792.1171875,0.14263099431991577
2022-02-02 00:00:00+00:00,2682.85400390625,0.13723500072956085
2022-02-03 00:00:00+00:00,2679.16259765625,0.1375409960746765
2022-02-04 00:00:00+00:00,2983.5869140625,0.14750300347805023
2022-02-05 00:00:00+00:00,3014.648193359375,0.1471409946680069
2022-02-06 00:00:00+00:00,3057.47607421875,0.15376999974250793
2022-02-07 00:00:00+00:00,3142.470703125,0.1655779927968979
2022-02-08 00:00:00+00:00,3122.608642578125,0.15840500593185425
2022-02-09 00:00:00+00:00,3239.45703125,0.1591230034828186
2022-02-10 00:00:00+00:00,3077.482177734375,0.15188899636268616
2022-02-11 00:00:00+00:00,2927.383544921875,0.14484700560569763
2022-02-12 00:00:00+00:00,2917.36279296875,0.14440500736236572
2022-02-13 00:00:00+00:00,2883.46337890625,0.14894799888134003
2022-02-14 00:00:00+00:00,2933.47900390625,0.14600299298763275
2022-02-15 00:00:00+00:00,3179.877197265625,0.151760995388031
2022-02-16 00:00:00+00:00,3127.830078125,0.14909499883651733
2022-02-17 00:00:00+00:00,2881.48193359375,0.1385519951581955
2022-02-18 00:00:00+00:00,2785.7275390625,0.1387680023908615
2022-02-19 00:00:00+00:00,2763.701171875,0.14120599627494812
2022-02-20 00:00:00+00:00,2628.6484375,0.13686800003051758
2022-02-21 00:00:00+00:00,2573.816162109375,0.12849000096321106
2022-02-22 00:00:00+00:00,2639.29931640625,0.13155299425125122
2022-02-23 00:00:00+00:00,2590.359619140625,0.12784600257873535
2022-02-24 00:00:00+00:00,2598.067138671875,0.12381300330162048
2022-02-25 00:00:00+00:00,2764.53564453125,0.12757599353790283
2022-02-26 00:00:00+00:00,2781.11181640625,0.12764699757099152
2022-02-27 00:00:00+00:00,2621.8017578125,0.12311100214719772
2022-02-28 00:00:00+00:00,2919.201171875,0.13315600156784058
2022-03-01 00:00:00+00:00,2972.485107421875,0.1339379996061325
2022-03-02 00:00:00+00:00,2950.118408203125,0.1329900026321411
2022-03-03 00:00:00+00:00,2834.468994140625,0.12961000204086304
2022-03-04 00:00:00+00:00,2617.156005859375,0.12259099632501602
2022-03-05 00:00:00+00:00,2664.8310546875,0.12499599903821945
2022-03-06 00:00:00+00:00,2555.037353515625,0.12076599895954132
2022-03-07 00:00:00+00:00,2497.771240234375,0.11710499972105026
2022-03-08 00:00:00+00:00,2576.74755859375,0.11702899634838104
2022-03-09 00:00:00+00:00,2729.783447265625,0.12158799916505814
2022-03-10 00:00:00+00:00,2608.048583984375,0.1168849989771843
2022-03-11 00:00:00+00:00,2559.56298828125,0.11560200154781342
2022-03-12 00:00:00+00:00,2574.754150390625,0.11513599753379822
2022-03-13 00:00:00+00:00,2518.944580078125,0.11160799860954285
2022-03-14 00:00:00+00:00,2590.696044921875,0.11404799669981003
2022-03-15 00:00:00+00:00,2620.149658203125,0.1127839982509613
2022-03-16 00:00:00+00:00,2772.0556640625,0.116907998919487
2022-03-17 00:00:00+00:00,2814.8544921875,0.11650200188159943
2022-03-18 00:00:00+00:00,2945.343017578125,0.11930599808692932
2022-03-19 00:00:00+00:00,2946.257080078125,0.12356899678707123
2022-03-20 00:00:00+00:00,2860.459228515625,0.11915399879217148
2022-03-21 00:00:00+00:00,2897.9765625,0.1193389967083931
2022-03-22 00:00:00+00:00,2973.131103515625,0.12248100340366364
2022-03-23 00:00:00+00:00,3031.067138671875,0.12972700595855713
2022-03-24 00:00:00+00:00,3108.06201171875,0.13654999434947968
2022-03-25 00:00:00+00:00,3106.67138671875,0.13101300597190857
2022-03-26 00:00:00+00:00,3143.178955078125,0.13586799800395966
2022-03-27 00:00:00+00:00,3291.57763671875,0.14473199844360352
2022-03-28 00:00:00+00:00,3336.634521484375,0.14265699684619904
2022-03-29 00:00:00+00:00,3401.98779296875,0.1444700062274933
2022-03-30 00:00:00+00:00,3385.157958984375,0.14320999383926392
2022-03-31 00:00:00+00:00,3281.642822265625,0.13782599568367004
2022-04-01 00:00:00+00:00,3449.55224609375,0.14131499826908112
2022-04-02 00:00:00+00:00,3445.059326171875,0.13891300559043884
2022-04-03 00:00:00+00:00,3522.83349609375,0.14645299315452576
2022-04-04 00:00:00+00:00,3521.2412109375,0.14859099686145782
2022-04-05 00:00:00+00:00,3411.79248046875,0.1729069948196411
2022-04-06 00:00:00+00:00,3171.69189453125,0.14341700077056885
2022-04-07 00:00:00+00:00,3233.274658203125,0.14610199630260468
2022-04-08 00:00:00+00:00,3192.073974609375,0.14254899322986603
2022-04-09 00:00:00+00:00,3261.916259765625,0.14430299401283264
2022-04-10 00:00:00+00:00,3211.866943359375,0.14953500032424927
2022-04-11 00:00:00+00:00,2981.05224609375,0.1346540004014969
2022-04-12 00:00:00+00:00,3030.37646484375,0.13807600736618042
2022-04-13 00:00:00+00:00,3118.34423828125,0.14008000493049622
2022-04-14 00:00:00+00:00,3019.909423828125,0.14392000436782837
2022-04-15 00:00:00+00:00,3040.91650390625,0.14602600038051605
2022-04-16 00:00:00+00:00,3062.310302734375,0.14371199905872345
2022-04-17 00:00:00+00:00,2993.4033203125,0.13945899903774261
2022-04-18 00:00:00+00:00,3057.606689453125,0.14028599858283997
2022-04-19 00:00:00+00:00,3104.1064453125,0.14266499876976013
2022-04-20 00:00:00+00:00,3077.745849609375,0.14087800681591034
2022-04-21 00:00:00+00:00,2987.480712890625,0.13636499643325806
2022-04-22 00:00:00+00:00,2964.835693359375,0.13639500737190247
2022-04-23 00:00:00+00:00,2938.114013671875,0.1342409998178482
2022-04-24 00:00:00+00:00,2922.732666015625,0.13194699585437775
2022-04-25 00:00:00+00:00,3009.3935546875,0.1579589992761612
2022-04-26 00:00:00+00:00,2808.29833984375,0.1377670019865036
2022-04-27 00:00:00+00:00,2888.9296875,0.1396999955177307
2022-04-28 00:00:00+00:00,2936.94091796875,0.137363001704216
2022-04-29 00:00:00+00:00,2815.601806640625,0.13502700626850128
2022-04-30 00:00:00+00:00,2730.186767578125,0.12755699455738068
2022-05-01 00:00:00+00:00,2827.756103515625,0.1327729970216751
2022-05-02 00:00:00+00:00,2857.410400390625,0.13093799352645874
2022-05-03 00:00:00+00:00,2783.476318359375,0.1295199990272522
2022-05-04 00:00:00+00:00,2940.644775390625,0.1358090043067932
2022-05-05 00:00:00+00:00,2749.213134765625,0.12842999398708344
2022-05-06 00:00:00+00:00,2694.979736328125,0.12790100276470184
2022-05-07 00:00:00+00:00,2636.093017578125,0.1275320053100586
2022-05-08 00:00:00+00:00,2517.4599609375,0.12420699745416641
2022-05-09 00:00:00+00:00,2245.430419921875,0.104823999106884
2022-05-10 00:00:00+00:00,2343.510986328125,0.10847699642181396
2022-05-11 00:00:00+00:00,2072.108642578125,0.08458100259304047
2022-05-12 00:00:00+00:00,1961.7015380859375,0.08267100155353546
2022-05-13 00:00:00+00:00,2014.418212890625,0.08833099901676178
2022-05-14 00:00:00+00:00,2056.27392578125,0.08979599922895432
2022-05-15 00:00:00+00:00,2145.706787109375,0.09284300357103348
2022-05-16 00:00:00+00:00,2022.7259521484375,0.08784099668264389
2022-05-17 00:00:00+00:00,2090.4091796875,0.09021300077438354
2022-05-18 00:00:00+00:00,1916.6561279296875,0.08364900201559067
2022-05-19 00:00:00+00:00,2018.336181640625,0.08672299981117249
2022-05-20 00:00:00+00:00,1961.315673828125,0.08397699892520905
2022-05-21 00:00:00+00:00,1974.518310546875,0.08446300029754639
2022-05-22 00:00:00+00:00,2043.170166015625,0.08610499650239944
2022-05-23 00:00:00+00:00,1972.181884765625,0.08325300365686417
2022-05-24 00:00:00+00:00,1978.9827880859375,0.08363699913024902
2022-05-25 00:00:00+00:00,1944.827880859375,0.08298499882221222
2022-05-26 00:00:00+00:00,1803.913330078125,0.07825200259685516
2022-05-27 00:00:00+00:00,1724.9228515625,0.08133500069379807
2022-05-28 00:00:00+00:00,1757.9417724609375,0.08183900266885757
2022-05-29 00:00:00+00:00,1812.031005859375,0.08268599957227707
2022-05-30 00:00:00+00:00,1996.4412841796875,0.0878710001707077
2022-05-31 00:00:00+00:00,1942.3280029296875,0.08586499840021133
2022-06-01 00:00:00+00:00,1823.5693359375,0.08105599880218506
2022-06-02 00:00:00+00:00,1834.1505126953125,0.08277200162410736
2022-06-03 00:00:00+00:00,1775.07861328125,0.08044199645519257
2022-06-04 00:00:00+00:00,1801.6094970703125,0.08177699893712997
2022-06-05 00:00:00+00:00,1805.2049560546875,0.08122900128364563
2022-06-06 00:00:00+00:00,1859.2896728515625,0.08252999931573868
2022-06-07 00:00:00+00:00,1814.04833984375,0.08051300048828125
2022-06-08 00:00:00+00:00,1793.572265625,0.07943899929523468
2022-06-09 00:00:00+00:00,1789.8260498046875,0.0793360024690628
2022-06-10 00:00:00+00:00,1665.042236328125,0.0754539966583252
2022-06-11 00:00:00+00:00,1529.6634521484375,0.06989499926567078
2022-06-12 00:00:00+00:00,1445.216552734375,0.06433600187301636
2022-06-13 00:00:00+00:00,1204.582763671875,0.05392099916934967
2022-06-14 00:00:00+00:00,1211.662841796875,0.05559200048446655
2022-06-15 00:00:00+00:00,1233.2064208984375,0.06300000101327896
2022-06-16 00:00:00+00:00,1067.730712890625,0.0550290010869503
2022-06-17 00:00:00+00:00,1086.519287109375,0.056995000690221786
2022-06-18 00:00:00+00:00,993.6367797851562,0.053011998534202576
2022-06-19 00:00:00+00:00,1127.656494140625,0.06039600074291229
2022-06-20 00:00:00+00:00,1127.6424560546875,0.060176998376846313
2022-06-21 00:00:00+00:00,1124.8245849609375,0.06557100266218185
2022-06-22 00:00:00+00:00,1051.421875,0.06171099841594696
2022-06-23 00:00:00+00:00,1143.38671875,0.06403200328350067
2022-06-24 00:00:00+00:00,1226.8447265625,0.06712400168180466
2022-06-25 00:00:00+00:00,1243.4468994140625,0.0685029998421669
2022-06-26 00:00:00+00:00,1199.8316650390625,0.07317700237035751
2022-06-27 00:00:00+00:00,1193.6806640625,0.0722389966249466
2022-06-28 00:00:00+00:00,1144.5792236328125,0.06595700234174728
2022-06-29 00:00:00+00:00,1098.94384765625,0.06946799904108047
2022-06-30 00:00:00+00:00,1067.298828125,0.06608600169420242
2022-07-01 00:00:00+00:00,1059.767333984375,0.06617499887943268
2022-07-02 00:00:00+00:00,1066.5128173828125,0.06669799983501434
2022-07-03 00:00:00+00:00,1073.7669677734375,0.06717900186777115
2022-07-04 00:00:00+00:00,1151.05908203125,0.06947200000286102
2022-07-05 00:00:00+00:00,1134.541015625,0.06715500354766846
2022-07-06 00:00:00+00:00,1186.9739990234375,0.06858299672603607
2022-07-07 00:00:00+00:00,1237.5933837890625,0.07062099874019623
2022-07-08 00:00:00+00:00,1222.5062255859375,0.06925699859857559
2022-07-09 00:00:00+00:00,1216.978271484375,0.06951200217008591
2022-07-10 00:00:00+00:00,1168.401611328125,0.06726299971342087
2022-07-11 00:00:00+00:00,1097.236572265625,0.06184700131416321
2022-07-12 00:00:00+00:00,1038.191650390625,0.06008699908852577
2022-07-13 00:00:00+00:00,1113.587158203125,0.06195300072431564
2022-07-14 00:00:00+00:00,1191.5262451171875,0.062394000589847565
2022-07-15 00:00:00+00:00,1233.129150390625,0.06304199993610382
2022-07-16 00:00:00+00:00,1352.62646484375,0.06428000330924988
2022-07-17 00:00:00+00:00,1338.6357421875,0.06310699880123138
2022-07-18 00:00:00+00:00,1578.7178955078125,0.06771499663591385
2022-07-19 00:00:00+00:00,1542.9752197265625,0.06901299953460693
2022-07-20 00:00:00+00:00,1520.20068359375,0.07011999934911728
2022-07-21 00:00:00+00:00,1576.74951171875,0.06995999813079834
2022-07-22 00:00:00+00:00,1537.4051513671875,0.067562997341156
2022-07-23 00:00:00+00:00,1549.2974853515625,0.06812400370836258
2022-07-24 00:00:00+00:00,1599.4766845703125,0.06772399693727493
2022-07-25 00:00:00+00:00,1445.3834228515625,0.0623060017824173
2022-07-26 00:00:00+00:00,1441.8067626953125,0.06251200288534164
2022-07-27 00:00:00+00:00,1636.232666015625,0.06702099740505219
2022-07-28 00:00:00+00:00,1725.4681396484375,0.06910800188779831
2022-07-29 00:00:00+00:00,1727.406982421875,0.06890899688005447
2022-07-30 00:00:00+00:00,1695.969482421875,0.06964399665594101
2022-07-31 00:00:00+00:00,1681.517333984375,0.06827200204133987
2022-08-01 00:00:00+00:00,1635.19580078125,0.06872499734163284
2022-08-02 00:00:00+00:00,1632.9454345703125,0.0666939988732338
2022-08-03 00:00:00+00:00,1618.87451171875,0.06619500368833542
2022-08-04 00:00:00+00:00,1608.205810546875,0.06735700368881226
2022-08-05 00:00:00+00:00,1732.254638671875,0.06976500153541565
2022-08-06 00:00:00+00:00,1691.6580810546875,0.0686739981174469
2022-08-07 00:00:00+00:00,1699.350830078125,0.06893999874591827
2022-08-08 00:00:00+00:00,1775.51611328125,0.07005500048398972
2022-08-09 00:00:00+00:00,1703.0250244140625,0.06912499666213989
2022-08-10 00:00:00+00:00,1851.74267578125,0.07119499891996384
2022-08-11 00:00:00+00:00,1881.22412109375,0.07092999666929245
2022-08-12 00:00:00+00:00,1957.2464599609375,0.07234500348567963
2022-08-13 00:00:00+00:00,1981.3365478515625,0.07283999770879745
2022-08-14 00:00:00+00:00,1936.802001953125,0.08168700337409973
2022-08-15 00:00:00+00:00,1904.2281494140625,0.07671999931335449
2022-08-16 00:00:00+00:00,1878.139404296875,0.08696399629116058
2022-08-17 00:00:00+00:00,1832.9996337890625,0.08015400171279907
2022-08-18 00:00:00+00:00,1847.0078125,0.07507900148630142
2022-08-19 00:00:00+00:00,1612.9873046875,0.06793899834156036
2022-08-20 00:00:00+00:00,1577.0037841796875,0.06954000145196915
2022-08-21 00:00:00+00:00,1619.3189697265625,0.06944800168275833
2022-08-22 00:00:00+00:00,1622.505859375,0.06839100271463394
2022-08-23 00:00:00+00:00,1662.7698974609375,0.06876999884843826
2022-08-24 00:00:00+00:00,1657.0592041015625,0.06798999756574631
2022-08-25 00:00:00+00:00,1696.45703125,0.06909400224685669
2022-08-26 00:00:00+00:00,1507.7828369140625,0.063571996986866
2022-08-27 00:00:00+00:00,1491.39501953125,0.0635870024561882
2022-08-28 00:00:00+00:00,1430.54736328125,0.061785999685525894
2022-08-29 00:00:00+00:00,1553.037353515625,0.06388700008392334
2022-08-30 00:00:00+00:00,1523.8388671875,0.061524998396635056
2022-08-31 00:00:00+00:00,1553.6849365234375,0.061330001801252365
2022-09-01 00:00:00+00:00,1586.1767578125,0.06237199902534485
2022-09-02 00:00:00+00:00,1577.220458984375,0.06163499876856804
2022-09-03 00:00:00+00:00,1556.8726806640625,0.0626939982175827
2022-09-04 00:00:00+00:00,1577.6416015625,0.06322599947452545
2022-09-05 00:00:00+00:00,1617.1832275390625,0.06273800134658813
2022-09-06 00:00:00+00:00,1561.74853515625,0.05898300185799599
2022-09-07 00:00:00+00:00,1629.9063720703125,0.061103999614715576
2022-09-08 00:00:00+00:00,1635.34765625,0.06097700074315071
2022-09-09 00:00:00+00:00,1719.08544921875,0.06401800364255905
2022-09-10 00:00:00+00:00,1776.2037353515625,0.06477600336074829
2022-09-11 00:00:00+00:00,1761.800048828125,0.06371399760246277
2022-09-12 00:00:00+00:00,1713.7652587890625,0.06390500068664551
2022-09-13 00:00:00+00:00,1580.7879638671875,0.06012900173664093
2022-09-14 00:00:00+00:00,1634.7550048828125,0.06117299944162369
2022-09-15 00:00:00+00:00,1471.6934814453125,0.05879100039601326
2022-09-16 00:00:00+00:00,1432.44775390625,0.060423001646995544
2022-09-17 00:00:00+00:00,1469.74169921875,0.062210001051425934
2022-09-18 00:00:00+00:00,1335.3291015625,0.05751999840140343
2022-09-19 00:00:00+00:00,1377.5413818359375,0.058612000197172165
2022-09-20 00:00:00+00:00,1324.38818359375,0.058416999876499176
2022-09-21 00:00:00+00:00,1252.6077880859375,0.05740400031208992
2022-09-22 00:00:00+00:00,1327.68017578125,0.059599000960588455
2022-09-23 00:00:00+00:00,1328.259521484375,0.06333599984645844
2022-09-24 00:00:00+00:00,1317.9932861328125,0.06323400139808655
2022-09-25 00:00:00+00:00,1294.216796875,0.06115199998021126
2022-09-26 00:00:00+00:00,1335.3201904296875,0.06108900159597397
2022-09-27 00:00:00+00:00,1330.127685546875,0.06060900166630745
2022-09-28 00:00:00+00:00,1337.410888671875,0.06062300130724907
2022-09-29 00:00:00+00:00,1335.65234375,0.06072799861431122
2022-09-30 00:00:00+00:00,1327.9786376953125,0.06165299937129021
2022-10-01 00:00:00+00:00,1311.6444091796875,0.06062699854373932
2022-10-02 00:00:00+00:00,1276.093505859375,0.05928799882531166
2022-10-03 00:00:00+00:00,1323.439208984375,0.06038400158286095
2022-10-04 00:00:00+00:00,1362.1265869140625,0.06596200168132782
2022-10-05 00:00:00+00:00,1352.837158203125,0.06473500281572342
2022-10-06 00:00:00+00:00,1351.70947265625,0.06344400346279144
2022-10-07 00:00:00+00:00,1332.5169677734375,0.06240899860858917
2022-10-08 00:00:00+00:00,1315.50048828125,0.061677999794483185
2022-10-09 00:00:00+00:00,1322.604248046875,0.06215599924325943
2022-10-10 00:00:00+00:00,1291.337646484375,0.05951299890875816
2022-10-11 00:00:00+00:00,1279.57568359375,0.06025800108909607
2022-10-12 00:00:00+00:00,1294.9063720703125,0.059881001710891724
2022-10-13 00:00:00+00:00,1288.1239013671875,0.05967399850487709
2022-10-14 00:00:00+00:00,1297.422119140625,0.058642998337745667
2022-10-15 00:00:00+00:00,1274.8717041015625,0.05857999995350838
2022-10-16 00:00:00+00:00,1306.296630859375,0.05891399830579758
2022-10-17 00:00:00+00:00,1331.713623046875,0.05993499979376793
2022-10-18 00:00:00+00:00,1310.447021484375,0.059776000678539276
2022-10-19 00:00:00+00:00,1285.7442626953125,0.058713000267744064
2022-10-20 00:00:00+00:00,1283.200927734375,0.05953599885106087
2022-10-21 00:00:00+00:00,1299.9464111328125,0.05933399870991707
2022-10-22 00:00:00+00:00,1314.2991943359375,0.05969399958848953
2022-10-23 00:00:00+00:00,1363.447021484375,0.060346998274326324
2022-10-24 00:00:00+00:00,1344.99853515625,0.059505999088287354
2022-10-25 00:00:00+00:00,1461.6654052734375,0.06288199871778488
2022-10-26 00:00:00+00:00,1566.566650390625,0.07280000299215317
2022-10-27 00:00:00+00:00,1514.3748779296875,0.07701800018548965
2022-10-28 00:00:00+00:00,1555.4779052734375,0.08389700204133987
2022-10-29 00:00:00+00:00,1619.698486328125,0.12160299718379974
2022-10-30 00:00:00+00:00,1590.7833251953125,0.11780200153589249
2022-10-31 00:00:00+00:00,1572.7144775390625,0.1270260065793991
2022-11-01 00:00:00+00:00,1579.70458984375,0.1425749957561493
2022-11-02 00:00:00+00:00,1519.7117919921875,0.12782999873161316
2022-11-03 00:00:00+00:00,1531.541748046875,0.1225920021533966
2022-11-04 00:00:00+00:00,1645.0933837890625,0.12627999484539032
2022-11-05 00:00:00+00:00,1627.968017578125,0.12438800185918808
2022-11-06 00:00:00+00:00,1572.2347412109375,0.11460600048303604
2022-11-07 00:00:00+00:00,1568.59130859375,0.11129900068044662
2022-11-08 00:00:00+00:00,1332.8355712890625,0.08840999752283096
2022-11-09 00:00:00+00:00,1100.1697998046875,0.07428800314664841
2022-11-10 00:00:00+00:00,1299.464599609375,0.0897890031337738
2022-11-11 00:00:00+00:00,1287.2210693359375,0.08488500118255615
2022-11-12 00:00:00+00:00,1255.268310546875,0.08803900331258774
2022-11-13 00:00:00+00:00,1221.8192138671875,0.08489300310611725
2022-11-14 00:00:00+00:00,1241.604248046875,0.08587899804115295
2022-11-15 00:00:00+00:00,1251.7362060546875,0.08697099983692169
2022-11-16 00:00:00+00:00,1215.6025390625,0.08558300137519836
2022-11-17 00:00:00+00:00,1200.80859375,0.0847650021314621
2022-11-18 00:00:00+00:00,1212.30029296875,0.0846719965338707
2022-11-19 00:00:00+00:00,1218.4267578125,0.08458100259304047
2022-11-20 00:00:00+00:00,1142.4666748046875,0.07717400044202805
2022-11-21 00:00:00+00:00,1108.35302734375,0.07471100240945816
2022-11-22 00:00:00+00:00,1135.1734619140625,0.07848799973726273
2022-11-23 00:00:00+00:00,1183.1995849609375,0.08178599923849106
2022-11-24 00:00:00+00:00,1203.983154296875,0.08148100227117538
2022-11-25 00:00:00+00:00,1198.9259033203125,0.08947499841451645
2022-11-26 00:00:00+00:00,1205.89794921875,0.08898799866437912
2022-11-27 00:00:00+00:00,1195.126953125,0.0987119972705841
2022-11-28 00:00:00+00:00,1170.086181640625,0.09512200206518173
2022-11-29 00:00:00+00:00,1216.9012451171875,0.10185299813747406
2022-11-30 00:00:00+00:00,1295.6885986328125,0.10685999691486359
2022-12-01 00:00:00+00:00,1276.27392578125,0.10158400237560272
2022-12-02 00:00:00+00:00,1294.3033447265625,0.10214799642562866
2022-12-03 00:00:00+00:00,1243.3348388671875,0.09982399642467499
2022-12-04 00:00:00+00:00,1280.256591796875,0.10428600013256073
2022-12-05 00:00:00+00:00,1259.6767578125,0.10147400200366974
2022-12-06 00:00:00+00:00,1271.65380859375,0.10027799755334854
2022-12-07 00:00:00+00:00,1232.4375,0.09578300267457962
2022-12-08 00:00:00+00:00,1281.1163330078125,0.09854000061750412
2022-12-09 00:00:00+00:00,1264.2847900390625,0.0966619998216629
2022-12-10 00:00:00+00:00,1266.3841552734375,0.09645699709653854
2022-12-11 00:00:00+00:00,1263.8685302734375,0.09287499636411667
2022-12-12 00:00:00+00:00,1274.6190185546875,0.09025800228118896
2022-12-13 00:00:00+00:00,1320.5491943359375,0.09093999862670898
2022-12-14 00:00:00+00:00,1309.3287353515625,0.08851400017738342
2022-12-15 00:00:00+00:00,1266.3538818359375,0.08472199738025665
2022-12-16 00:00:00+00:00,1168.2593994140625,0.07594200223684311
2022-12-17 00:00:00+00:00,1188.1495361328125,0.0792670026421547
2022-12-18 00:00:00+00:00,1184.7152099609375,0.07864099740982056
2022-12-19 00:00:00+00:00,1167.60986328125,0.07142899930477142
2022-12-20 00:00:00+00:00,1217.70361328125,0.07493499666452408
2022-12-21 00:00:00+00:00,1213.5999755859375,0.07367900013923645
2022-12-22 00:00:00+00:00,1218.18212890625,0.07696700096130371
2022-12-23 00:00:00+00:00,1220.159423828125,0.07712899893522263
2022-12-24 00:00:00+00:00,1221.1485595703125,0.07764799892902374
2022-12-25 00:00:00+00:00,1218.9620361328125,0.07595200091600418
2022-12-26 00:00:00+00:00,1226.974365234375,0.07578299939632416
2022-12-27 00:00:00+00:00,1212.7916259765625,0.07372400164604187
2022-12-28 00:00:00+00:00,1189.986083984375,0.07038100063800812
2022-12-29 00:00:00+00:00,1201.5953369140625,0.071042001247406
2022-12-30 00:00:00+00:00,1199.2327880859375,0.06840399652719498
2022-12-31 00:00:00+00:00,1196.771240234375,0.07029400020837784
2023-01-01 00:00:00+00:00,1200.96484375,0.07022500038146973
2023-01-02 00:00:00+00:00,1214.6566162109375,0.0714540034532547
2023-01-03 00:00:00+00:00,1214.77880859375,0.0704680010676384
2023-01-04 00:00:00+00:00,1256.526611328125,0.07323700189590454
2023-01-05 00:00:00+00:00,1250.4385986328125,0.07154999673366547
2023-01-06 00:00:00+00:00,1269.3790283203125,0.07247000187635422
2023-01-07 00:00:00+00:00,1264.2703857421875,0.07222200185060501
2023-01-08 00:00:00+00:00,1287.3594970703125,0.07360100001096725
2023-01-09 00:00:00+00:00,1321.5389404296875,0.07578399777412415
2023-01-10 00:00:00+00:00,1336.5860595703125,0.0777290016412735
2023-01-11 00:00:00+00:00,1387.9327392578125,0.07815299928188324
2023-01-12 00:00:00+00:00,1417.9384765625,0.08028600364923477
2023-01-13 00:00:00+00:00,1451.6148681640625,0.08443800359964371
2023-01-14 00:00:00+00:00,1550.7069091796875,0.08732300251722336
2023-01-15 00:00:00+00:00,1552.4794921875,0.08613099902868271
2023-01-16 00:00:00+00:00,1576.83349609375,0.08363600075244904
2023-01-17 00:00:00+00:00,1567.8460693359375,0.08298200368881226
2023-01-18 00:00:00+00:00,1515.5069580078125,0.0801910012960434
2023-01-19 00:00:00+00:00,1552.5565185546875,0.08166000247001648
2023-01-20 00:00:00+00:00,1659.754150390625,0.0864029973745346
2023-01-21 00:00:00+00:00,1627.1181640625,0.0847650021314621
2023-01-22 00:00:00+00:00,1628.382080078125,0.08830399811267853
2023-01-23 00:00:00+00:00,1628.2510986328125,0.08860500156879425
2023-01-24 00:00:00+00:00,1556.604248046875,0.0839499980211258
2023-01-25 00:00:00+00:00,1611.7110595703125,0.08659400045871735
2023-01-26 00:00:00+00:00,1603.10595703125,0.08637300133705139
2023-01-27 00:00:00+00:00,1598.156494140625,0.08712299913167953
2023-01-28 00:00:00+00:00,1572.43505859375,0.08778800070285797
2023-01-29 00:00:00+00:00,1646.1556396484375,0.09023299813270569
2023-01-30 00:00:00+00:00,1567.3265380859375,0.0883369967341423
2023-01-31 00:00:00+00:00,1586.535400390625,0.09616699814796448
2023-02-01 00:00:00+00:00,1641.792724609375,0.09417100250720978
2023-02-02 00:00:00+00:00,1643.2415771484375,0.09097900241613388
2023-02-03 00:00:00+00:00,1664.74560546875,0.09298700094223022
2023-02-04 00:00:00+00:00,1667.0592041015625,0.09578199684619904
2023-02-05 00:00:00+00:00,1631.6458740234375,0.09209500253200531
2023-02-06 00:00:00+00:00,1616.2470703125,0.0895489975810051
2023-02-07 00:00:00+00:00,1672.0035400390625,0.09257599711418152
2023-02-08 00:00:00+00:00,1650.716796875,0.09015599638223648
2023-02-09 00:00:00+00:00,1546.438232421875,0.0814799964427948
2023-02-10 00:00:00+00:00,1514.869140625,0.08109000325202942
2023-02-11 00:00:00+00:00,1539.9267578125,0.08237200230360031
2023-02-12 00:00:00+00:00,1515.03369140625,0.08214399963617325
2023-02-13 00:00:00+00:00,1507.1658935546875,0.08215600252151489
2023-02-14 00:00:00+00:00,1556.8751220703125,0.08353400230407715
2023-02-15 00:00:00+00:00,1673.7459716796875,0.08929099887609482
2023-02-16 00:00:00+00:00,1640.067626953125,0.0850439965724945
2023-02-17 00:00:00+00:00,1694.7833251953125,0.08776599913835526
2023-02-18 00:00:00+00:00,1691.8194580078125,0.0889270007610321
2023-02-19 00:00:00+00:00,1681.4361572265625,0.08696600049734116
2023-02-20 00:00:00+00:00,1702.6751708984375,0.08820799738168716
2023-02-21 00:00:00+00:00,1658.036376953125,0.08541300147771835
2023-02-22 00:00:00+00:00,1643.231689453125,0.0855339989066124
2023-02-23 00:00:00+00:00,1651.0738525390625,0.08429200202226639
2023-02-24 00:00:00+00:00,1608.3731689453125,0.08089999854564667
2023-02-25 00:00:00+00:00,1594.9149169921875,0.08078599721193314
2023-02-26 00:00:00+00:00,1640.817138671875,0.0822020024061203
2023-02-27 00:00:00+00:00,1634.326416015625,0.08135399967432022
2023-02-28 00:00:00+00:00,1605.8951416015625,0.08074899762868881
2023-03-01 00:00:00+00:00,1663.4337158203125,0.08196400105953217
2023-03-02 00:00:00+00:00,1647.3193359375,0.08051999658346176
2023-03-03 00:00:00+00:00,1569.1676025390625,0.07677700370550156
2023-03-04 00:00:00+00:00,1566.9239501953125,0.07455600053071976
2023-03-05 00:00:00+00:00,1564.46875,0.07479500025510788
2023-03-06 00:00:00+00:00,1567.398681640625,0.07480499893426895
2023-03-07 00:00:00+00:00,1561.93310546875,0.0740479975938797
